"Sandston, VA",6:12
"Tomball, TX",6:12
"Richmond, VA",6:12
"Manhattan, NY",6:12
"Philadelphia, PA",6:13
"Marietta, WA",6:13
"Manhattan, NY",6:13
"Delaware, USA",6:13
"Boonsboro, MD",6:13
"Manhattan, NY",6:13
"Hollywood, FL",6:13
"Manhattan, NY",6:13
"Bronx, NY",6:14
"Brookside, DE",6:14
"Brooklyn, NY",6:14
"Manhattan, NY",6:14
"San Francisco, CA",6:14
"Fairfield, OH",6:14
"Marietta, WA",6:14
"National Capital Region, Republic of the Philippines",6:14
"Manhattan, NY",6:15
"Harrison, NY",6:15
"Centreville, VA",6:15
"Manhattan, NY",6:15
"Marietta, WA",6:16
"Towson, MD",6:16
"Manhattan, NY",6:16
"Manhattan, NY",6:16
"Puerto Vallarta, Jalisco",6:16
"Herndon, VA",6:16
"Brooklyn, NY",6:17
"Marietta, WA",6:17
"Manhattan, NY",6:17
"Concord, CA",6:17
"Portland, OR",6:17
"Rosaryville, MD",6:17
"Bronx, NY",6:18
"Charlotte, NC",6:18
"Rancho Cucamonga, CA",6:18
"Manhattan, NY",6:18
"Huai Khwang, Bangkok",6:18
"High Point, NC",6:19
"York, PA",6:19
"Manhattan, NY",6:19
"Glen Cove, NY",6:19
"Adelaide, South Australia",6:19
"Manhattan, NY",6:19
"Washington, DC",6:19
Etats-Unis,6:19
"Virginia, USA",6:19
"Pennsylvania, USA",6:19
"Sydney, New South Wales",6:20
"Los Angeles, CA",6:20
"Manhattan, NY",6:20
"Guildford, England",6:20
"Puerto Rico, USA",6:20
"Los Angeles, CA",6:21
"Ayase City, Kanagawa",6:21
"Manhattan, NY",6:21
"Manhattan, NY",6:21
"Manhattan, NY",6:21
"Manhattan, NY",6:21
"Barnet, London",6:21
"New Jersey, USA",6:22
"Frederick, MD",6:22
"Pembroke, NC",6:22
"Washington, DC",6:22
"Snoqualmie, WA",6:22
"Glenn Dale, MD",6:22
"Towson, MD",6:23
"Bronx, NY",6:23
"Manhattan, NY",6:23
"Bloomfield, NJ",6:23
"New Jersey, USA",6:24
"Queens, NY",6:24
"Memphis, TN",6:24
"Queens, NY",6:24
Etats-Unis,6:24
"Pennsylvania, USA",6:24
"Washington, DC",6:25
"Zurich, Switzerland",6:25
"Rio Pinar, FL",6:25
"Centreville, VA",6:25
"Staten Island, NY",6:25
"Dumont, NJ",6:25
"Brooklyn, NY",6:25
"Martinez, CA",6:26
"Upper West Side, Manhattan",6:26
"Manhattan, NY",6:26
"Newington, VA",6:26
"Washington, DC",6:26
"Wichita Falls, TX",6:26
"Manhattan, NY",6:27
"Salisbury, MD",6:27
"Manhattan, NY",6:27
"Toronto, Ontario",6:27
"Towson, MD",6:27
"West Hartford, CT",6:27
"Arlington, VA",6:27
"Manhattan, NY",6:27
"Manhattan, NY",6:27
"Lakewood, CO",6:27
"Dover Air Force Base, DE",6:28
"Portland, OR",6:28
"Bloomfield, CT",6:28
"Norfolk, VA",6:28
"Boston, MA",6:28
"Denver, CO",6:28
"San Francisco, CA",6:28
"Richland, PA",6:28
"Baltimore, MD",6:28
"Washington, DC",6:28
"Keokuk, IA",6:28
"Cockeysville, MD",6:28
"Reno, NV",6:29
"Glen Burnie, MD",6:29
"Manhattan, NY",6:29
"Philadelphia, PA",6:30
"Manhattan, NY",6:30
"Brooklyn, NY",6:30
"Foggy Bottom, Washington",6:31
"Georgia, USA",6:31
Pagliacci's New York Pizzeria,6:31
"Richmond, VA",6:31
"Bronx, NY",6:31
United States,6:31
"Brooklyn, NY",6:31
"Lafayette, LA",6:32
"Manhattan, NY",6:32
"Stony Brook, NY",6:32
"Richmond, VA",6:32
"New Jersey, USA",6:32
"Paradise, NV",6:32
"Pennsylvania, USA",6:33
"Farragut, TN",6:34
"Ohio, USA",6:34
"Manhattan, NY",6:34
"Manhattan, NY",6:34
"California, USA",6:35
"Manhattan, NY",6:35
"Auckland City, New Zealand",6:36
"West Valley City, UT",6:36
"Davie, FL",6:36
"Somerville, MA",6:36
"Irving, TX",6:37
"Middletown, CT",6:37
"Irving, TX",6:37
"Arlington, VA",6:37
"Queens, NY",6:38
"Hartford, CT",6:38
"Queens, NY",6:38
"Milford Mill, MD",6:38
"Bacchus Marsh, Victoria",6:39
"Washington, DC",6:39
"Queens, NY",6:39
"Dares, MD",6:40
"Manhattan, NY",6:40
"Washington, DC",6:40
"Puerto Rico, USA",6:40
"Washington, DC",6:41
"Joppatowne, MD",6:41
"Brooklyn, NY",6:41
"South Carolina, USA",6:41
"Oak Creek, WI",6:42
"Manhattan, NY",6:42
"Kendall West, FL",6:42
"Brooklyn, NY",6:42
"Manhattan, NY",6:42
"Manhattan, NY",6:43
"Queens, NY",6:43
"Chicago, IL",6:43
"Salisbury, MD",6:43
"Parkville, MD",6:43
"Liverpool, England",6:44
"Manhattan, NY",6:44
"Wood-Ridge, NJ",6:44
"Queens, NY",6:44
"Queens, NY",6:44
"Brooklyn, NY",6:44
"Washington, DC",6:44
"South Carolina, USA",6:45
"Plano, TX",6:45
"Pennsylvania, USA",6:45
"Boone, NC",6:45
"Millville, DE",6:45
"Maine, USA",6:45
"Brooklyn, NY",6:46
"Manhattan, NY",6:46
"Edina, MN",6:46
"Mount Holly, NJ",6:46
"Philadelphia, PA",6:47
"Manhattan, NY",6:47
"Louisa, KY",6:47
"Hackensack, NJ",6:48
"Manassas, VA",6:48
"Cambridge, MA",6:48
"Boston, MA",6:48
"Stamford, CT",6:48
"Queens, NY",6:48
"Philadelphia, PA",6:48
"Brooklyn, NY",6:48
"Aspen Hill, MD",6:49
"Mansfield, TX",6:49
"Manhattan, NY",6:49
"Pennsylvania, USA",6:49
"Manhattan, NY",6:50
"Los Angeles, CA",6:50
"Brooklyn, NY",6:50
"Brooklyn, NY",6:51
"Maryland, USA",6:51
"Kabale, Uganda",6:51
"Delaware, USA",6:51
"Manhattan, NY",6:52
"Annapolis, MD",6:52
"Bayonne, NJ",6:52
"Louisa, KY",6:52
"Brooklyn, NY",6:52
"Brooklyn, NY",6:53
"West Babylon, NY",6:53
"New Rochelle, NY",6:53
"Uppsala, Sverige",6:54
"Milpitas, CA",6:54
"Ellicott City, MD",6:54
"Seattle, WA",6:54
"Clarion, PA",6:54
"Staten Island, NY",6:54
"Washington, DC",6:54
"National Capital Region, Republic of the Philippines",6:54
"Jersey City, NJ",6:54
"Sydney, New South Wales",6:55
"Morgantown, WV",6:56
"Pennsylvania, USA",6:56
"Westminster, MD",6:56
"Jasin, Melaka",6:56
"Buckhannon, WV",6:57
"Manhattan, NY",6:57
"Maryland, USA",6:57
"Leesburg, VA",6:57
"Queens, NY",6:58
"Manhattan, NY",6:58
"Pennsylvania, USA",6:58
"Manhattan, NY",6:59
"Hyderabad, Andhra Pradesh",6:59
"Liverpool, England",6:59
"Manhattan, NY",6:59
"Palisades Park, NJ",6:59
"California, USA",6:59
"Withernsea, England",7:00
"New Orleans, LA",7:00
"Millersville, PA",7:00
"Puerto Rico, USA",7:00
"Mulbarton, England",7:01
"Irondequoit, NY",7:01
"Staten Island, NY",7:01
"Yonkers, NY",7:01
"Queens, NY",7:01
"Los Angeles, CA",7:01
"New Brunswick, NJ",7:01
"Queens, NY",7:01
"Manhattan, NY",7:01
"Denton, TX",7:01
"Canyon, TX",7:01
"South Orange, NJ",7:01
"Queens, NY",7:02
"Chhattisgarh, India",7:08
"Les Bons Villers, Belgique",7:08
"Michigan, USA",7:08
"Manhattan, NY",7:09
"Manhattan, NY",7:10
"Manhattan, NY",7:10
"Auckland City, New Zealand",7:10
"California, USA",7:10
"Baltimore, MD",7:10
"Manhattan, NY",7:10
"Queens, NY",7:10
"Queens, NY",7:10
"Manhattan, NY",7:11
"Nikko City, Tochigi",7:11
"Brooklyn, NY",7:11
"Pennsylvania, USA",7:11
"Manhattan, NY",7:11
"Virginia, USA",7:11
"Manhattan, NY",7:12
"Baltimore, MD",7:12
"Doha, Qatar",7:12
"Manhattan, NY",7:13
"West Jordan, UT",7:13
"Pennsylvania, USA",7:13
"Richland, PA",7:13
"Loughton, England",7:14
"East la Mirada, CA",7:14
"Tallahassee, FL",7:14
"Manhattan, NY",7:14
"Knoxville, TN",7:15
"Richmond, KY",7:15
"Manhattan, NY",7:16
"Manhattan, NY",7:16
"Towson, MD",7:16
"Manhattan, NY",7:16
"Pennsylvania, USA",7:16
"Brooklyn, NY",7:16
"Midlothian, TX",7:16
"Monaca, PA",7:17
"California, USA",7:17
"Putrajaya, Wilayah Persekutuan Putrajaya",7:17
"Newcastle, New South Wales",7:17
"Pennsylvania, USA",7:17
"Radnor Township, PA",7:17
"Cranston, RI",7:17
"Manhattan, NY",7:18
"Middletown, CT",7:18
"Brooklyn, NY",7:18
"El Paso, TX",7:18
"Pennsylvania, USA",7:18
"Summit, NJ",7:19
"Pennsylvania, USA",7:19
"Sherwood, OR",7:19
"Nashville, TN",7:20
"Manhattan, NY",7:20
"Puerto Rico, USA",7:20
"Newburgh, NY",7:20
"Manhattan, NY",7:20
"Manhattan, NY",7:20
"Philadelphia, PA",7:20
"Manhattan, NY",7:21
"Pennsylvania, USA",7:21
"Pennsylvania, USA",7:21
"Kaysville, UT",7:21
"Summit, NJ",7:21
"Manhattan, NY",7:22
"Goodwood, South Africa",7:22
"Manhattan, NY",7:22
"California, USA",7:22
"Chhattisgarh, India",7:23
"Pennsylvania, USA",7:23
"Manhattan, NY",7:23
"Brooklyn, NY",7:23
"Pennsylvania, USA",7:24
"Cardiff, NJ",7:24
"Littoral, Cameroon",7:24
"Kapolei, HI",7:25
"New York, NY",7:25
"Manhattan, NY",7:25
"Manhattan, NY",7:26
"Medina, TN",7:26
"Summit, NJ",7:26
"Washington, DC",16:55
"Capitol Hill, Washington",16:55
"Cape Coral, FL",16:55
"Ashburn, VA",16:55
"Long Beach, NY",16:55
"Philadelphia, PA",16:55
"Brooklyn, NY",16:56
"Westminster, MD",16:56
"Valparaiso, FL",16:56
"Phoenix, AZ",16:56
"Tysons Corner, VA",16:56
"Queens, NY",16:56
"Baltimore, MD",16:56
"Frenchtown, NJ",16:56
"Manhattan, NY",16:56
"Cape Coral, FL",16:56
"New York, USA",16:56
"Alexandria, VA",16:56
"Cape Coral, FL",16:56
"Bedford, TX",16:56
"Dublin City, Ireland",16:56
"Manhattan, NY",16:56
"Manhattan, NY",16:56
"Manhattan, NY",16:56
"Cape Coral, FL",16:56
"Kihei, HI",16:56
"Virginia, USA",16:57
"Queens, NY",16:57
"Brooklyn, NY",16:57
Sint Maarten,16:57
"Brooklyn, NY",16:57
"Cape Coral, FL",16:57
"Fairlawn, OH",16:57
"South Carolina, USA",16:57
"Athens, GA",16:57
"San Diego, CA",16:57
"Chantilly, VA",16:57
"Randallstown, MD",16:57
"Los Angeles, CA",16:57
"Queens, NY",16:57
"Maricopa, AZ",16:57
"Lampeter, PA",16:57
"Burbank, CA",16:58
"Philadelphia, PA",16:58
"Queens, NY",16:58
"Manhattan, NY",16:58
"Indiana, USA",16:58
"Billings, MT",16:58
"Washington, DC",16:58
"Manhattan, NY",16:58
"Upper West Side, Manhattan",16:58
"Baltimore, MD",16:58
"Charlotte, NC",16:58
"Brooklyn, NY",16:58
"Cherry Hill, VA",16:58
"Brooklyn, NY",16:58
"Wheaton, MD",16:58
"Los Angeles, CA",16:58
"Ohio, USA",16:59
United States,16:59
"New Jersey, USA",16:59
"Queens, NY",16:59
"Saginaw Township North, MI",16:59
"Hauppauge, NY",16:59
"Morgantown, WV",16:59
"Cutler, FL",16:59
"Washington, DC",16:59
"Shreveport, LA",16:59
"New Jersey, USA",16:59
"Rotterdam, South Holland",16:59
"Morgantown, WV",16:59
"Queens, NY",16:59
"Austin, TX",16:59
"Mount Pleasant, WI",16:59
"Manhattan, NY",17:00
"Queens, NY",17:00
"Manhattan, NY",17:00
"Manhattan, NY",17:00
"Chandigarh, India",17:00
"Washington, DC",17:00
"Franklin, TN",17:00
"Addingham, England",17:00
"Edison, NJ",17:00
"Southington, CT",17:00
"Austin, TX",17:00
"Pennsylvania, USA",17:00
"Hillingdon, London",17:00
"Manhattan, NY",17:00
"Arlington, VA",17:01
"Manhattan, NY",17:01
"Manhattan, NY",17:01
"Shoreham, NY",17:01
"North Great River, NY",17:01
"Maryland, USA",17:01
"Al Hada, Makkah Al Mukarrama",17:01
"Summerfield, MD",17:01
"Manhattan, NY",17:01
"Virginia, USA",17:01
"Randallstown, MD",17:01
"Ellicott City, MD",17:01
"Shenandoah, PA",17:01
"Cape Coral, FL",17:01
"Brooklyn, NY",17:01
"Vernon Valley, NJ",17:01
"Atascocita, TX",17:01
"Irvine, CA",17:01
"Maryland, USA",17:02
"Washington, DC",17:02
"Oldham, England",17:04
"Brooklyn, NY",17:04
"Chillum, MD",17:04
"Queens, NY",17:04
"Washington, DC",17:04
"Blasdell, NY",17:04
"Manhattan, NY",17:04
"Washington, DC",17:04
"St Louis, MO",17:04
"Philadelphia, PA",17:05
"Buckhannon, WV",17:05
"Barnstable Town, MA",17:05
"Pennsylvania, USA",17:05
"Baltimore, MD",17:05
"Charleston, WV",17:05
"New Jersey, USA",17:05
"Richmond, VA",17:05
"Hoboken, NJ",17:05
"Brooklyn, NY",17:05
"Queens, NY",17:05
"Stamford, CT",17:05
"Brooklyn, NY",17:05
"Manhattan, NY",17:05
"South Carolina, USA",17:05
"Alexandria, VA",17:06
"Reston, VA",17:06
"Staten Island, NY",17:06
"Virginia Beach, VA",17:06
United States,17:06
"Manhattan, NY",17:06
"South Carolina, USA",17:06
"Manhattan, NY",17:06
"Northern Ireland, United Kingdom",17:06
"Summit, NJ",17:06
"Germantown, MD",17:06
"Winter Park, FL",17:06
"Lafayette, CO",17:06
"Queens, NY",17:06
"Bay Shore, NY",17:06
"Pennsylvania, USA",17:06
"West Virginia, USA",17:06
"Brooklyn, NY",17:06
"Washington, DC",17:07
"Leesburg, VA",17:07
"White Marsh, MD",17:07
"Brooklyn, NY",17:07
"Kings Park West, VA",17:07
"Brooklyn, NY",17:07
"Brooklyn, NY",17:07
"Manhattan, NY",17:07
"Arnold, MD",17:07
"Carlisle, PA",17:07
"Manhattan, NY",17:07
"Brooklyn, NY",17:07
"Greenburgh, NY",17:07
"Manhattan, NY",17:07
"Bealeton, VA",17:07
"Clinton, MD",17:07
"Cheshire, CT",17:07
"Georgia, USA",17:08
"Lutherville, MD",17:08
"Berlin, Germany",17:08
"Charlotte, NC",17:08
"South Carolina, USA",17:08
"Alexandria, VA",17:08
"Manhattan, NY",17:08
"Washington, DC",17:09
"Washington, DC",17:09
"Manhattan, NY",17:09
"Annapolis, MD",17:09
"Missouri City, TX",17:09
"Mount Vernon, NY",17:09
"Morristown, NJ",17:09
"Ardmore, PA",17:09
"Baltimore, MD",17:09
"Connecticut, USA",17:09
"Washington, DC",17:09
"Foxborough, MA",17:09
"Kings Park West, VA",17:09
"Indian Trail, NC",17:09
"Washington, DC",17:09
"Washington, DC",17:10
"Brooklyn, NY",17:10
"Manhattan, NY",17:10
"Charlottesville, VA",17:10
"Los Angeles, CA",17:10
"Monmouth Beach, NJ",17:10
"Long Branch, NJ",17:10
Switzerland,17:10
"Washington, DC",17:10
"Manhattan, NY",17:10
"Lititz, PA",17:10
"Washington, DC",17:10
"Secaucus, NJ",17:10
"Washington, DC",17:10
"Guttenberg, NJ",17:10
"Harrisonburg, VA",17:10
"Louth, Ireland",17:10
"Brooklyn, NY",17:10
"Washington, DC",17:10
Lebanon,17:11
"Brooklyn, NY",17:11
"Washington, DC",17:11
"Washington, DC",17:11
"Ashburn, VA",17:11
"Arlington, VA",17:11
"Hempstead, NY",17:11
"Millersville, PA",17:11
"Wheaton, MD",17:12
"Bel Air North, MD",17:12
"Connecticut, USA",17:12
"Washington, DC",17:12
"Manhattan, NY",17:12
"Manhattan, NY",17:12
"Lititz, PA",17:12
"Manhattan, NY",17:12
"Fairfax Station, VA",17:12
"Queens, NY",17:12
"Manhattan, NY",17:12
"Philadelphia, PA",17:12
"Sandy Springs, GA",17:12
"Salunga, PA",17:12
"Merrifield, VA",17:12
"Fort Worth, TX",17:12
"Atlantic City, NJ",17:12
"Pennsylvania, USA",17:13
"Paradise, NV",17:13
"Delaware, USA",17:13
"Concord, NC",17:13
"Seattle, WA",17:13
"Pimmit Hills, VA",17:13
"Little Falls, NJ",17:13
"Miami, FL",17:13
"Houston, TX",17:13
"Pottstown, PA",17:13
"Huntsville, AL",17:13
"Alexandria, VA",17:13
"Manhattan, NY",17:13
"Ventnor City, NJ",17:14
"New York, USA",17:14
"Washington, DC",17:14
"Akron, OH",17:14
"Staunton, VA",17:14
"National Capital Region, Republic of the Philippines",17:14
"Branford, CT",17:14
"Laurel, MD",17:14
"Waltham, MA",17:14
"St Augustine Beach, FL",17:14
"Manhattan, NY",17:14
"Manhattan, NY",17:14
"Washington, DC",17:14
"Brooklyn, NY",17:14
"Middelburg, Zeeland",17:14
"Norwalk, CT",17:15
"Alexandria, VA",17:15
"North Carolina, USA",17:15
"Queens, NY",17:15
"Charlotte, NC",17:15
"Annapolis, MD",17:15
"Brooklyn, NY",17:15
"Coral Springs, FL",17:15
"Centreville, VA",17:15
"San Antonio, TX",17:15
"Quarryville, PA",17:15
"Philadelphia, PA",17:15
"Dranesville, VA",17:15
"Jersey City, NJ",17:15
"Brooklyn, NY",17:15
"Manhattan, NY",17:15
"Jersey City, NJ",17:15
"Dupont Circle, Washington",17:15
"Manhattan, NY",17:15
"Philadelphia, PA",17:15
"Manhattan, NY",17:15
"California, USA",17:15
"Germantown, MD",17:16
"Springville, UT",17:16
"Manhattan, NY",17:16
"Manhattan, NY",17:16
"Maryland, USA",17:16
"Leesburg, VA",17:16
"Pennsylvania, USA",17:16
"Baltimore, MD",17:16
"Pennsylvania, USA",17:21
"Laurel, MD",17:21
"New York, USA",17:22
"Arnold, MD",17:22
"Lincoln Heights, Washington",17:22
"Brooklyn, NY",17:22
"Brooklyn, NY",17:22
"East Meadow, NY",17:22
"Eastampton, NJ",17:22
"San Luis Obispo, CA",17:22
"Phoenix, AZ",17:22
"Daytona Beach, FL",17:22
"Washington, DC",17:22
"Washington, DC",17:22
"Colorado, USA",17:22
"Manhattan, NY",17:22
"Long Beach, NY",17:22
"Maryland, USA",17:22
"Pennsylvania, USA",17:22
"Baltimore, MD",17:22
"Manhattan, NY",17:22
"Kansas City, MO",17:22
"Manhattan, NY",17:22
"Solidaridad, Quintana Roo",17:23
"Adelphi, MD",17:23
"Virginia, USA",17:23
"Washington, DC",17:23
"Manhattan, NY",17:23
"Brunswick, ME",17:23
"Manhattan, NY",17:23
"Sandwich, MA",17:23
"Olney, MD",17:23
"Washington, DC",17:23
"Oklahoma City, OK",17:23
"Manhattan, NY",17:23
"Manhattan, NY",17:23
"South Carolina, USA",17:23
"Ottawa, Ontario",17:24
"Washington, DC",17:24
"Setapak, Selangor",17:24
"Manhattan, NY",17:24
"Manhattan, NY",17:24
"Redmond, WA",17:24
"Philadelphia, PA",17:24
"Pennsylvania, USA",17:24
"Pennsylvania, USA",17:24
"Clarendon Courthouse, Arlington",17:24
"Los Angeles, CA",17:24
"Manhattan, NY",17:24
"La Plata, MD",17:24
"Washington, DC",17:24
"Manasquan, NJ",17:24
"New York, USA",17:24
"California, USA",17:24
"Washington, DC",17:24
"Barrie, Ontario",17:24
"Virginia, USA",17:24
"Fredericksburg, VA",17:24
"Pennsylvania, USA",17:25
"Washington, DC",17:25
"Manhattan, NY",17:25
"Union City, GA",17:25
"Bethesda, MD",17:25
"Queens, NY",17:25
"West Virginia, USA",17:25
"Mission, British Columbia",17:25
"Kalispell, MT",17:25
"San Antonio, TX",17:25
"Arlington, VA",17:25
"Bethesda, MD",17:25
"Brooklyn, NY",17:25
"Arlington, VA",17:25
"Bronx, NY",17:25
"Los Angeles, CA",17:26
"Brooklyn, NY",17:26
"Hoboken, NJ",17:26
"Durango, CO",17:26
"Hoboken, NJ",17:26
"Philadelphia, PA",17:26
"Washington, DC",17:26
"Washington, DC",17:26
"Baton Rouge, LA",17:26
"Brooklyn, NY",17:26
"Philadelphia, PA",17:26
"Owings Mills, MD",17:26
"Boston, MA",17:26
"South Carolina, USA",17:26
"Newark, DE",17:26
"Brooklyn, NY",17:26
"Pennsylvania, USA",17:26
"L'Hillil, Algeria",17:26
"Teaneck, NJ",17:26
"Brooklyn, NY",17:26
"East Meadow, NY",17:26
"Creetown, Scotland",17:27
"Los Angeles, CA",17:27
"Wyckoff, NJ",17:27
"Gainesville, VA",17:27
"Middletown, DE",17:27
"Washington, DC",17:27
"Chicago, IL",17:27
"Baltimore, MD",17:27
"Hoboken, NJ",17:27
"Navy Yard, Washington",17:27
"Kalispell, MT",17:27
"Centreville, VA",17:27
"Cheverly, MD",17:27
"San Antonio, TX",17:27
"Upper East Side, Manhattan",17:27
"North Bergen, NJ",17:27
"Lemoore, CA",17:27
"Toms River, NJ",17:27
"Virginia Beach, VA",17:28
"Groveton, VA",17:28
"Anaheim, CA",17:28
"Washington, DC",17:28
"Georgetown, Washington",17:28
"New York, USA",17:28
"Leigh, England",17:28
"Rockville, MD",17:28
"Forest Park, OH",17:28
"Alexandria, VA",17:28
"Hoboken, NJ",17:28
"Tuckahoe, VA",17:28
"Midtown, Manhattan",17:28
"South Bend, IN",17:28
"Milford, CT",17:28
"Washington, DC",17:28
"New Bedford, MA",17:28
"Kalispell, MT",17:28
"Queens, NY",17:28
"Brooklyn, NY",17:29
"Bromsgrove, England",17:29
"Chillum, MD",17:29
"Philadelphia, PA",17:29
"New Brunswick, NJ",17:29
"San Luis Obispo, CA",17:29
"Queens, NY",17:29
"Arlington, VA",17:29
"Virginia, USA",17:29
"Manhattan, NY",17:29
"Cheverly, MD",17:29
"Bay Shore, NY",17:29
"Island Park, NY",17:29
"Washington, DC",17:29
"NoMa - Sirsum Corda, Washington",17:30
"Somerville, MA",17:30
"Richmond, VA",17:30
"Brooklyn, NY",17:30
"Massapequa Park, NY",17:30
"Oxford, MS",17:30
"Philadelphia, PA",17:30
"Pennsylvania, USA",17:30
"Brooklyn, NY",17:30
"Brooklyn, NY",17:30
"Linden, NJ",17:30
"Purcellville, VA",17:30
"Austin, TX",17:30
"Tennessee, USA",17:30
"Severn, MD",17:31
"Valparaiso, IN",17:31
"Pennsylvania, USA",17:31
"Baltimore, MD",17:31
"Washington, DC",17:31
"Pennsylvania, USA",17:31
"Alexandria, VA",17:31
"Rocky Hill, CT",17:31
"Washington, DC",17:31
"Queens, NY",17:31
"Shiloh, PA",17:31
"Manhattan, NY",17:31
"North Great River, NY",17:31
"Manhattan, NY",17:32
"Baltimore, MD",17:32
"Austin, TX",17:32
"Brooklyn, NY",17:32
"Manhattan, NY",17:32
"Brooklyn, NY",17:32
"Toronto, Ontario",17:32
"Stone Ridge, VA",17:32
"Manhattan, NY",17:32
"Queens, NY",17:32
"Seaside Park, NJ",17:32
"Purcellville, VA",17:32
"Manhattan, NY",17:32
"Pennsylvania, USA",17:32
"Arlington, VA",17:32
"New York, USA",17:32
"Toronto, Ontario",17:32
"Alexandria, VA",17:33
"Boston, MA",17:33
"Manhattan Beach, CA",17:33
"Pelham, NH",17:33
"Purcellville, VA",17:33
"Missouri, USA",17:33
"Brooklyn, NY",17:33
"Washington, DC",17:33
"Washington, DC",17:33
"Lansdowne, VA",17:33
"Arlington, VA",17:33
"Manalapan, NJ",17:33
"Manhattan, NY",17:33
"Manhattan, NY",17:33
"Maryland, USA",17:33
"Northfield, NJ",17:33
"Manhattan, NY",17:34
"Arlington, VA",17:34
"Alexandria, VA",17:34
"Queens, NY",17:34
"Manhattan, NY",17:34
"Holbrook, NY",17:34
"San Francisco, CA",17:34
"Queens, NY",17:34
"Manhattan, NY",17:34
"Baltimore, MD",17:35
"Kentucky, USA",17:35
"St Paul, MN",17:35
"Lowell, MA",17:35
"Hoboken, NJ",17:35
"Morgantown, WV",17:35
"Los Angeles, CA",17:35
"Texas, USA",17:35
"Los Angeles, CA",17:35
"Manhattan, NY",17:35
"New York, USA",17:35
"Cape Coral, FL",17:35
"Mahwah, NJ",17:35
"Severn, MD",17:35
"Manhattan, NY",17:35
"Manhattan, NY",17:35
"Manhattan, NY",17:35
"Manhattan, NY",17:35
"Downingtown, PA",17:36
"Manhattan, NY",17:36
"Johannesburg, South Africa",17:36
"Washington, DC",17:36
"Leghorn, Tuscany",17:36
"Manhattan, NY",17:36
"Oakton, VA",17:36
"Morgantown, WV",17:36
"Washington, DC",17:36
"Islip Terrace, NY",17:36
"Tenleytown, Washington",17:36
"Washington, DC",17:36
"Virginia, USA",17:36
"Fairfax, VA",17:36
"Arlington, VA",17:36
"Washington, DC",17:36
"Webb City, MO",17:36
"Bethlehem, PA",17:37
"Macon, GA",17:37
"Carrboro, NC",17:37
"Chicago, IL",17:37
"Brooklyn, NY",17:37
"Gaithersburg, MD",17:37
"Washington, DC",17:37
"Manhattan, NY",17:37
"Arlington, VA",17:37
"Virginia, USA",17:37
"Puente Alto, Metropolitana de Santiago",17:37
"Baltimore, MD",17:37
"Manhattan, NY",17:37
"Nebraska, USA",17:37
"Phoenix, AZ",17:37
"Hamburg, Deutschland",17:38
"Union City, NJ",17:38
"Manhattan, NY",17:38
"Manhattan, NY",17:38
"Virginia, USA",17:38
"Queens, NY",17:38
"Towson, MD",17:38
"Manhattan, NY",17:38
"Annapolis, MD",17:38
"Brooklyn, NY",17:38
"New York, USA",17:38
"Manhattan, NY",17:38
"Pennsylvania, USA",17:38
"Delaware, USA",17:38
"Basking Ridge, NJ",17:38
"West Springfield, VA",17:38
"Narberth, PA",17:43
"Manhattan, NY",17:43
"Star City, WV",17:43
"Miami, FL",17:43
"Gaithersburg, MD",17:43
"Brooklyn, NY",17:43
"Alexandria, VA",17:45
"Chicago, IL",17:45
"Washington, DC",17:45
"Coral Gables, FL",17:45
"Oxford, PA",17:45
"Quincy, MA",17:45
"Washington, DC",17:45
"Birmingham, England",17:45
"Baltimore, MD",17:45
"Arlington, VA",17:46
"Queens, NY",17:46
"Manhattan, NY",17:46
"Queens, NY",17:46
"Virginia, USA",17:46
"Shippensburg, PA",17:46
"Port Alberni, British Columbia",17:46
"Baltimore, MD",17:47
"Brooklyn, NY",17:47
"Manhattan, NY",17:47
"Brooklyn, NY",17:47
"Washington, DC",17:47
"Manhattan, NY",17:47
"Pennsylvania, USA",17:47
"Tyler, TX",17:47
"Philadelphia, PA",17:47
"Cherry Hill Mall, NJ",18:22
"Potomac, MD",18:22
"Allentown, PA",18:22
"South Carolina, USA",18:22
"Manhattan, NY",18:22
"Radford, VA",18:23
"Manhattan, NY",18:23
"Washington, DC",18:23
"North Decatur, GA",18:23
"Manhattan, NY",18:23
"Manhattan, NY",18:23
"Tysons Corner, VA",18:23
"Maryland, USA",18:23
"Virginia, USA",18:23
"White Oak, MD",18:23
"Kentucky, USA",18:23
"Sparks, NV",18:23
"Manhattan, NY",18:23
"New York, NY",18:23
"Brooklyn, NY",18:23
"Waterford, Ireland",18:23
"Manhattan, NY",18:23
"Rotterdam, Zuid-Holland",18:24
"Ware, England",18:24
"Manhattan, NY",18:24
"Taylor, PA",18:24
"Oklahoma City, OK",18:24
"Providence, RI",18:24
"Manhattan, NY",18:24
"Manhattan, NY",18:24
"Manhattan, NY",18:24
"Elmwood, LA",18:24
"Birmingham, England",18:24
"Fort Lee, VA",18:24
"Maryland, USA",18:24
"Los Angeles, CA",18:24
"Enfield, CT",18:24
"Arlington, VA",18:24
"Jersey City, NJ",18:24
"Birmingham, England",18:24
"Queens, NY",18:24
"Alexandria, VA",18:24
"Providence, RI",18:24
"Birmingham, England",18:24
"Arlington, VA",18:24
"Williamsburg, VA",18:24
"Brooklyn, NY",18:25
"Bolton, England",18:25
"Budd Lake, NJ",18:25
"Garland, TX",18:25
"Morgantown, WV",18:25
"Providence, RI",18:25
"Birmingham, England",18:25
"New Orleans, LA",18:25
"Grand Rapids, MI",18:25
"Smyrna, DE",18:25
"Ellicott City, MD",18:25
"Edison, NJ",18:25
"Ellicott City, MD",18:25
"Birmingham, England",18:25
"Brooklyn, NY",18:25
Miranda,18:25
"Queens, NY",18:25
"Long Beach, NY",18:25
"Fort Belvoir, VA",18:25
"Pennsylvania, USA",18:25
"Chicago, IL",18:26
"Red Hill, SC",18:26
"Dorneyville, PA",18:26
"Philadelphia, PA",18:26
"Ellicott City, MD",18:26
"Garland, TX",18:26
"Birmingham, England",18:26
"Smithsburg, MD",18:26
"Manhattan, NY",18:26
"Williamsburg, VA",18:26
"Birmingham, England",18:26
"Jersey City, NJ",18:26
"Toronto, Ontario",18:26
"Kennedy Mills, NJ",18:26
"Tulsa, OK",18:26
"Brooklyn, NY",18:27
"Alexandria, VA",18:27
"Lovettsville, VA",18:27
"Mississippi, USA",18:27
"King of Prussia, PA",18:27
"Bronx, NY",18:27
"Washington, DC",18:27
"Manhattan, NY",18:27
"Birmingham, England",18:27
"Philadelphia, PA",18:27
"Abingdon, MD",18:27
"Waukegan, IL",18:27
"Philadelphia, PA",18:27
"Rio de Janeiro, Brasil",18:27
"Virginia, USA",18:27
"Reston, VA",18:27
"Borough Park, Brooklyn",18:27
"The Woodlands, TX",18:27
"Pennsylvania, USA",18:27
"Washington, DC",18:27
"Manhattan, NY",18:27
"Nashville, TN",18:28
"Bolton, England",18:28
"Maryland, USA",18:28
"College Park, MD",18:28
"Kutztown, PA",18:28
"Dale City, VA",18:28
"Alexandria, VA",18:28
"Ames, Galicia",18:28
"Chicago, IL",18:28
"Manhattan, NY",18:28
"Lake Havasu City, AZ",18:28
"Los Angeles, CA",18:28
"Park City, UT",18:29
"Birmingham, England",18:29
"Fulton, KY",18:29
"Washington, DC",18:29
"Hoboken, NJ",18:29
"Brooklyn, NY",18:29
"Beltsville, MD",18:29
"Philadelphia, PA",18:29
"Takoma Park, MD",18:29
"Manhattan, NY",18:29
"Washington, DC",18:29
"Dennis, MA",18:29
"Manhattan, NY",18:29
"Laurel, MD",18:29
"Manhattan, NY",18:30
"New York, USA",18:30
"Queens, NY",18:30
"Philadelphia, PA",18:30
"Yorklyn, PA",18:30
"Manhattan, NY",18:30
"Connecticut, USA",18:30
"Arlington, Jacksonville",18:30
"Manhattan, NY",18:31
"Westfield, NJ",18:31
"South Orange, NJ",18:31
"Robbinsdale, MN",18:31
"Washington, DC",18:31
"New Brunswick, NJ",18:31
"Fultonville, NY",18:31
"Marblehead, MA",18:31
"Manhattan, NY",18:31
"Society Hill, NJ",18:31
"College Park, MD",18:31
"Shoreham, NY",18:31
"La Plata, MD",18:31
"Washington, DC",18:31
"Plainfield, NJ",18:31
"Manhattan, NY",18:31
"Arizona, USA",18:32
"Manhattan, NY",18:32
"Hollywood, FL",18:32
"South Carolina, USA",18:32
"Overlea, MD",18:32
"Manhattan, NY",18:32
"Joliet, IL",18:32
"Brooklyn, NY",18:32
"Rockville, MD",18:32
"Washington, DC",18:32
"Manhattan, NY",18:33
"Accra, Ghana",18:33
"Providence, RI",18:33
"Washington, DC",18:33
"Queens, NY",18:33
"Chillum, MD",18:33
"Winnipeg, Manitoba",18:33
"Baltimore, MD",18:33
"Baltimore, MD",18:33
"Birmingham, England",18:33
"Manhattan, NY",18:33
"Washington, DC",18:33
"Pennsylvania, USA",18:33
"Manhattan, NY",18:33
"Greensboro, NC",18:33
"Brooklyn, NY",18:33
"Pennsylvania, USA",18:33
"Park City, UT",18:33
"Brooklyn, NY",18:33
"Mayo, Ireland",18:33
"Tysons Corner, VA",18:33
"Philadelphia, PA",18:34
"Pennsylvania, USA",18:34
"Conway, FL",18:34
"Texas, USA",18:34
"Virginia, USA",18:34
"Birmingham, England",18:34
"Manhattan, NY",18:34
"Rancocas, NJ",18:34
"Manhattan, NY",18:34
"Gilbert, AZ",18:34
"National City, CA",18:34
"Manhattan, NY",18:34
"Birmingham, England",18:34
"Washington, DC",18:34
"Morgantown, WV",18:34
"Birmingham, England",18:34
"Washington, DC",18:34
"Jersey City, NJ",18:34
"Hyattsville, MD",18:35
"Queens, NY",18:35
"Arizona, USA",18:35
"Bayonne, NJ",18:35
"Maryland, USA",18:35
"South Carolina, USA",18:35
"Washington, DC",18:35
"Birmingham, England",18:35
"Tacoma, WA",18:35
"Washington, DC",18:35
"Easton, PA",18:35
"Port Vue, PA",18:35
"Great Alne, England",18:35
"Birmingham, England",18:35
"Manhattan, NY",18:35
"Manhattan, NY",18:35
"Staten Island, NY",18:35
"Maesycwmmer, Wales",18:35
"Cockeysville, MD",18:35
"Birmingham, England",18:35
"Manhattan, NY",18:36
"Germantown, MD",18:36
"Birmingham, England",18:36
"Hoboken, NJ",18:36
"New York, USA",18:36
"Queens, NY",18:36
"Manhattan, NY",18:36
"Brooklyn, NY",18:36
"Burnaby, British Columbia",18:36
"Pumphrey, MD",18:36
"Washington, DC",18:36
"Overland Park, KS",18:36
"Moon, PA",18:36
"Birmingham, England",18:37
"Flatiron, Manhattan",18:37
"Texas, USA",18:37
"Brooklyn, NY",18:37
"Birmingham, England",18:37
"Bloomfield Township, MI",18:37
"Arizona, USA",18:37
"Manhattan, NY",18:37
"Redan, GA",18:37
"Washington, DC",18:37
"Queens, NY",18:37
"Missouri, USA",18:37
"Park City, UT",18:37
"Overlea, MD",18:37
"Fort Worth, TX",18:37
"College Park, MD",18:38
"Manhattan, NY",18:38
"Brooklyn, NY",18:38
Saint Martin,18:38
"Arizona, USA",18:38
"Washington, DC",18:38
"Washington, DC",18:38
"Washington, DC",18:38
"Virginia, USA",18:38
"Fort Lauderdale, FL",18:38
"Manhattan, NY",18:38
"Queens, NY",18:38
"Raleigh, NC",18:38
"Pennsylvania, USA",18:38
"Groveton, VA",18:38
"Manhattan, NY",18:38
"West Virginia, USA",18:38
"Morgantown, WV",18:39
"Manhattan, NY",18:39
"Eatontown, NJ",18:39
"Manhattan, NY",18:39
"Richmond, VA",18:39
"Los Angeles, CA",18:39
"Washington, DC",18:39
"Burke, VA",18:39
"Manhattan, NY",18:39
"Pennsylvania, USA",18:39
"North Bergen, NJ",18:39
"Mill Valley, CA",18:39
"Pensacola, FL",18:40
"Alexandria, VA",18:40
"Cohasset, MA",18:40
"Greenbelt, MD",18:40
"Portland, OR",18:40
"Washington, DC",18:40
"Los Angeles, CA",18:51
"Alexandria, VA",18:51
"Southington, CT",18:51
"Birmingham, England",18:51
"Linthicum, MD",18:51
"Greenbelt, MD",18:51
"Westfield, IN",18:51
"South Carolina, USA",18:51
"Carlisle, England",18:51
"New Jersey, USA",18:51
"Maryland, USA",18:51
"Montgomery Village, MD",18:51
"Flourtown, PA",18:51
"Mitchellville, MD",18:51
"Philadelphia, PA",18:52
"Philadelphia, PA",18:52
"Friendship Heights Village, MD",18:52
"Queens, NY",18:52
"Manhattan, NY",18:52
"State College, PA",18:52
"Birmingham, England",18:52
"Queens, NY",18:52
"Laguna Niguel, CA",18:52
"Moscow, ID",18:52
"Brooklyn, NY",18:52
"Washington, DC",18:52
"Lake Ridge, VA",18:52
"Staten Island, NY",18:53
"Hounslow, London",18:53
"Manhattan, NY",18:53
"Silver Spring, MD",18:53
"Manhattan, NY",18:53
"Nazca, Peru",18:53
"Manhattan, NY",18:53
"St Paul, MN",18:53
"Mayo, Ireland",18:53
"Washington, DC",18:53
"Washington, DC",18:53
"Temple, TX",18:53
"Fieldsboro, NJ",18:53
"Birmingham, England",18:53
"Brooklyn, NY",18:53
"Manhattan, NY",18:53
Togo,18:53
"Washington, DC",18:53
"Virginia, USA",18:53
"Manhattan, NY",18:53
"Queens, NY",18:54
"Fredericksburg, VA",18:54
"Houston, TX",18:54
"Nazca, Peru",18:54
"Southaven, MS",18:54
"Mitchellville, MD",18:54
"Manhattan, NY",18:54
"San Antonio, TX",18:54
"Philadelphia, PA",18:54
"Brooklyn, NY",18:54
"Brooklyn, NY",18:54
"Manhattan, NY",18:54
"Green Bay, WI",18:54
"Tysons Corner, VA",18:54
"Glendora, NJ",18:55
"Westhampton Beach, NY",18:55
"Birmingham, England",18:55
"Brooklyn, NY",18:55
"Manhattan, NY",18:55
"Washington, DC",18:55
"Emeryville, CA",18:55
"St Louis, MO",18:55
"Greenbelt, MD",18:55
"Manhattan, NY",18:55
"Manhattan, NY",18:55
"Manhattan, NY",18:55
"Washington, DC",18:55
"Woodburn, OR",18:55
"Lovettsville, VA",18:55
"Houston, TX",18:55
"Richardson, TX",18:55
"Brooklyn, NY",18:55
"North Bellmore, NY",18:55
"Channahon, IL",18:55
"Plainview, TX",18:55
"Plainsboro, NJ",18:55
"Rocky Hill, CT",18:55
"Amsterdam, North Holland",18:55
"Arlington, VA",18:55
"Queens, NY",18:55
"Washington, DC",18:55
"Washington, DC",18:55
"Washington, DC",18:55
Mexico,18:55
"Birmingham, England",18:55
"Manhattan, NY",18:55
"Cincinnati, OH",18:56
"College Park, MD",18:56
Gibraltar,18:56
"Arlington, VA",18:56
"Manhattan, NY",18:56
"Washington, DC",18:56
"Manhattan, NY",18:56
"Anchorage, AK",18:56
"Morgantown, WV",18:56
"Manhattan, NY",18:56
"Birmingham, England",18:56
"Islamabad, Pakistan",18:56
"Highland, CA",18:56
"Owings Mills, MD",18:56
"Brooklyn, NY",18:56
"Washington, DC",18:57
"Queens, NY",18:57
"Birmingham, England",18:57
"Maryland, USA",18:57
"Saddle Brook, NJ",18:57
"Baltimore, MD",18:57
"Salt Lake City, UT",18:57
"Washington, DC",18:57
"Birmingham, England",18:57
"Phoenix, AZ",18:57
"Lattingtown, NY",18:57
"Avery Creek, NC",18:57
Mexico,18:57
"Gilbert, AZ",18:57
"Brentwood, NY",18:57
"Ocean Grove, NJ",18:57
"Manhattan, NY",18:57
"Philadelphia, PA",18:57
"Queens, NY",18:57
"Oxon Hill, MD",18:57
"Greenbelt, MD",18:58
"Los Angeles, CA",18:58
"Los Angeles, CA",18:58
"Springfield, VA",18:58
"Mons, Belgique",18:58
"Pennsylvania, USA",18:58
"Virginia, USA",18:58
"North Lindenhurst, NY",18:59
"Central Park, Manhattan",18:59
"Manassas, VA",18:59
"Washington, DC",18:59
"Fort Lee, VA",18:59
"Baltimore, MD",18:59
"Pennsburg, PA",18:59
"Fairfax, VA",18:59
"North Potomac, MD",18:59
"Glenarden, MD",18:59
"Manhattan, NY",18:59
"Philadelphia, PA",18:59
"Brooklyn, NY",18:59
"Georgia, USA",18:59
"Gainesville, VA",18:59
"Arlington, VA",18:59
"Adelphi, MD",19:00
"Virginia, USA",19:00
"Virginia, USA",19:00
"Wadsworth, OH",19:00
"Manhattan, NY",19:00
"Lansdowne, VA",19:00
"Washington, DC",19:00
"Washington, DC",19:00
"Manhattan, NY",19:00
"Wokingham, England",19:00
"Bethesda, MD",19:00
"Greenbelt, MD",19:00
"Washington, DC",19:00
"Manassas, VA",19:00
"Manhattan, NY",19:00
"Nashville, TN",19:00
"Asheville, NC",19:00
Rab's Country Lanes,19:00
"Bloomingdale, Washington",19:01
"Long Valley, NJ",19:01
"Austin, TX",19:01
"Indiana, PA",19:01
"Manhattan, NY",19:01
"Brooklyn, NY",19:01
"North Canton, OH",19:01
"Arlington, VA",19:01
"Boston, MA",19:01
"Missouri, USA",19:01
"Knoxville, TN",19:01
"Los Gatos, CA",19:01
"Philadelphia, PA",19:01
"Brooklyn, NY",19:01
"Olney, MD",19:01
"Long Valley, NJ",19:01
"Maryland, USA",19:01
"Queens, NY",19:02
"Catlettsburg, KY",19:02
"Atherton, CA",19:02
"Lowes Island, VA",19:02
"Alabama, USA",19:02
"Hamilton Square, NJ",19:02
"Manhattan, NY",19:02
"Virginia, USA",19:02
"City of London, London",19:02
"Queens, NY",19:02
"Ohio, USA",19:02
"Long Beach, CA",19:02
"Madrid, Comunidad de Madrid",19:02
"Manhattan, NY",19:02
"Manchester, England",19:02
"Washington, DC",19:02
"Washington, DC",19:02
"Brooklyn, NY",19:02
"Washington, DC",19:03
"Brooklyn, NY",19:03
"Downingtown, PA",19:03
"Long Valley, NJ",19:03
"Manhattan, NY",19:03
"Queens, NY",19:03
"Queens, NY",19:03
"Selby-on-the-Bay, MD",19:03
"Greenbelt, MD",19:03
"Nashville, TN",19:03
"Baltimore, MD",19:03
"West Orange, NJ",19:03
"Society Hill, NJ",19:03
"Nashville, TN",19:03
"North Bethesda, MD",19:03
"Frederick, MD",19:03
"Pennsburg, PA",19:03
"Manhattan, NY",19:03
"Brooklyn, NY",19:03
"Sacramento, CA",19:04
"Baltimore, MD",19:04
"Manhattan, NY",19:04
"Washington, DC",19:04
"West Springfield, VA",19:04
"Carolina, Puerto Rico",19:04
"Washington, DC",19:04
"Gainesville, FL",19:04
"Yonkers, NY",19:04
"Lodi, NJ",19:04
"Manhattan, NY",19:04
"Dublin City, Ireland",19:04
"Staten Island, NY",19:04
"Manhattan, NY",19:04
"Delaware, USA",19:04
"Baltimore, MD",19:04
"Washington, DC",19:04
"New York, USA",19:04
"St Augustine, FL",19:05
"Manhattan, NY",19:05
"Washington, DC",19:05
"Montclair, NJ",19:05
"Manhattan, NY",19:05
"Montclair, VA",19:05
"Virginia, USA",19:05
"Weehawken, NJ",19:05
"Hoboken, NJ",19:05
"Chicago, IL",19:05
"Tysons Corner, VA",19:05
"Salem, NH",19:05
"Sandy Spring, MD",19:05
"Washington, DC",19:05
"Lowell, MA",19:05
"Lincoln, NE",19:05
"Arbutus, MD",19:06
"Arlington, VA",19:06
"Greenbelt, MD",19:06
"Washington, DC",19:06
"Brooklyn, NY",19:06
"Rye, NY",19:06
"Philadelphia, PA",19:06
"Teaneck, NJ",19:06
"Laurelton, Queens",19:06
"Washington, DC",19:06
"Iselin, NJ",19:06
"Nashville, TN",19:06
"Queens, NY",19:06
"Sandy Spring, MD",19:06
"Lutherville, MD",19:06
"Washington, DC",19:06
"Central Park, Manhattan",19:06
"Delaware, USA",19:06
"Arbutus, MD",19:06
"Baltimore, MD",19:06
"Montclair, NJ",19:06
"Queens, NY",19:07
"Pennsburg, PA",19:07
Momofuku Noodle Bar,19:07
"Providence, RI",19:07
"Philadelphia, PA",19:07
"Washington, DC",19:07
"Philadelphia, PA",19:07
"Manhattan, NY",19:07
"Central Park, Manhattan",19:07
"Philadelphia, PA",19:07
"Fairfax, VA",19:07
"Manhattan, NY",19:07
"Kearny, NJ",19:07
"Alexandria, VA",19:08
"Philadelphia, PA",19:08
"Philadelphia, PA",19:08
"Manhattan, NY",19:08
"Stony Brook, NY",19:08
"Sandy Spring, MD",19:08
"Washington, DC",19:08
"Philadelphia, PA",19:08
"Los Angeles, CA",19:08
"Alexandria, VA",19:08
"Philadelphia, PA",19:08
"Manhattan, NY",19:08
"Manhattan, NY",19:08
"Loudoun Valley Estates, VA",19:08
"Philadelphia, PA",19:08
"Queens, NY",19:08
"Stony Brook, NY",19:08
"Nashville, TN",19:08
"Washington, DC",19:08
"South Dublin, Ireland",19:08
"Lutherville, MD",19:08
"Cape St Claire, MD",19:08
"Montclair, NJ",19:08
"West Virginia, USA",19:08
"Philadelphia, PA",19:09
"Massachusetts, USA",19:09
"Redmond, WA",19:09
"Landover, MD",19:09
"Freehold, NJ",19:09
"Oradell, NJ",19:09
"Cliffside Park, NJ",19:09
"Manhattan, NY",19:09
"Woburn, MA",19:09
"Washington, DC",19:09
"Brooklyn, NY",19:09
"Linden, NJ",19:09
"Guiseley, England",19:09
"Fairfax, VA",19:09
"Pasadena, CA",19:10
"Manhattan, NY",19:10
"Brooklyn, NY",19:10
"Queens, NY",19:10
"Washington, DC",19:10
"West Chester, PA",19:10
"Hempstead, NY",19:19
"Healdsburg, CA",19:19
"Philadelphia, PA",19:19
"Fairfax Station, VA",19:19
"Washington, DC",19:19
"Baltimore, MD",19:20
"Washington, DC",19:20
"Washington, DC",19:20
"Queens, NY",19:20
"Brooklyn, NY",19:20
"Philadelphia, PA",19:20
"Manhattan, NY",19:20
"Glen Allen, VA",19:20
"Columbus, OH",19:20
"Ellicott City, MD",19:20
"North Bethesda, MD",19:20
"Oceanside, NY",19:20
"Washington, DC",19:20
"Queens, NY",19:21
"Congers, NY",19:21
"Manhattan, NY",19:21
"Maryland, USA",19:21
"New York, NY",19:21
"South Carolina, USA",19:21
"New Jersey, USA",19:21
"Fairfax, VA",19:21
"Center Moriches, NY",19:21
"Brooklyn, NY",19:21
"Philadelphia, PA",19:21
"Windsor, CT",19:21
"West New York, NJ",19:21
"Manhattan, NY",19:21
"Manhattan, NY",19:21
"Hempstead, NY",19:21
"Brooklyn, NY",19:21
"Arlington, VA",19:21
"Reggio nell'Emilia, Emilia Romagna",19:22
"Manhattan, NY",19:22
"Gettysburg, PA",19:22
"Washington, DC",19:22
"Philadelphia, PA",19:22
"Maryland, USA",19:22
"Queens, NY",19:22
"Tallahassee, FL",19:22
"Manhattan, NY",19:22
"Kennesaw, GA",19:22
"Brooklyn, NY",19:22
"Cardiff, NJ",19:22
"Manhattan, NY",19:23
"Washington, DC",19:23
"Pennsylvania, USA",19:23
"South Riding, VA",19:23
"Washington, DC",19:23
"Washington, DC",19:23
"Washington, DC",19:23
"Roseville, CA",19:23
"Annandale, VA",19:23
"Manhattan, NY",19:23
"Arlington, VA",19:23
"Brooklyn, NY",19:23
"New York, USA",19:23
"Washington, DC",19:23
"Philadelphia, PA",19:23
"Stony Brook, NY",19:23
"Washington, DC",19:23
"Brooklyn, NY",19:23
"Montgomery, NJ",19:23
"Phoenix, AZ",19:23
"Orange, NJ",19:23
"Philadelphia, PA",19:23
"Scugog, Ontario",19:23
"Philadelphia, PA",19:23
"Teays Valley, WV",19:24
"Manhattan, NY",19:24
"Washington, DC",19:24
"Franklin Park, NJ",19:24
"Manhattan, NY",19:24
"Lacey, WA",19:24
"Falls Church, VA",19:24
"Short Pump, VA",19:24
"Manhattan, NY",19:24
"Vernon, NJ",19:24
"Philadelphia, PA",19:24
"North Carolina, USA",19:24
"Alexandria, VA",19:24
"San Diego, CA",19:24
"Beltsville, MD",19:24
"Washington, DC",19:24
"Saint-Gratien, Ile-de-France",19:24
"Manhattan, NY",19:24
"Fairfax Station, VA",19:24
"Melville, NY",19:24
"Brooklyn, NY",19:25
"Bensalem, PA",19:25
"Queens, NY",19:25
"Bayonne, NJ",19:25
"Washington, DC",19:25
"Washington, DC",19:25
"Manhattan, NY",19:25
"Maryland, USA",19:25
"Yonkers, NY",19:25
"Santa Monica, CA",19:25
Fairfax Corner,19:25
"The Hague, South Holland",19:25
"Washington, DC",19:25
"Philadelphia, PA",19:25
"Manhattan, NY",19:25
"Horsham, PA",19:25
"Silver Spring, MD",19:26
"Philadelphia, PA",19:26
"Manhattan, NY",19:26
"Brooklyn, NY",19:26
"Montclair, NJ",19:26
"Philadelphia, PA",19:26
"The Hague, South Holland",19:26
"Harleysville, PA",19:26
"Rockville, MD",19:26
"Illinois, USA",19:26
"Washington, DC",19:26
"Philadelphia, PA",19:26
"Washington, DC",19:26
"Los Angeles, CA",19:26
"Chicago, IL",19:26
"Manhattan, NY",19:26
"Emmaus, PA",19:26
"Washington, DC",19:26
"Galesburg, IL",19:26
"Barking, London",19:26
"Richmond, VA",19:26
"Philadelphia, PA",19:26
"Washington, DC",19:27
"Philadelphia, PA",19:27
"Shannondale, WV",19:27
"Wellington, FL",19:27
"Washington, DC",19:27
"Lamezia Terme, Calabria",19:27
"Manhattan, NY",19:27
Central Park - North Meadow,19:27
"Philadelphia, PA",19:27
"The Hague, South Holland",19:27
"Washington, DC",19:27
"Belton, TX",19:27
"Massachusetts, USA",19:32
"French Valley, CA",19:32
"Philadelphia, PA",19:32
"Carrizo Springs, TX",19:32
"Silver Spring, MD",19:32
"Philadelphia, PA",19:32
"Frederick, MD",19:32
"Kiryas Joel, NY",19:32
"Manhattan, NY",19:32
"Maryland, USA",19:32
"Omaha, NE",19:32
"Manhattan, NY",19:32
St. Nicholas Park,19:32
"Philadelphia, PA",19:32
"Washington, DC",19:32
"Manhattan, NY",19:32
"Pennsylvania, USA",19:32
"Blacksburg, VA",19:32
"Alexandria, VA",19:32
"Pennsylvania, USA",19:32
"Washington, DC",19:32
"Queens, NY",19:32
"Brooklyn, NY",19:32
"Arlington, VA",19:32
"Washington, DC",19:32
"Virginia, USA",19:32
"Washington, DC",19:33
"Philadelphia, PA",19:33
"Iowa City, IA",19:33
"Northport, NY",19:33
"Reston, VA",19:35
"Union, NJ",19:35
"Tacoma, WA",19:35
"Manhattan, NY",19:35
"Manhattan, NY",19:35
"Dupont Circle, Washington",19:35
"Manhattan, NY",19:35
"St Marys, OH",19:35
"Yonkers, NY",19:35
"New York, NY",19:36
"Manhattan, NY",19:36
"Manheim, PA",19:36
"Queens, NY",19:36
"Market Harborough, England",19:36
"South Temple, PA",19:36
"Millersville, PA",19:36
"Terre Haute, IN",19:36
"Delaware, USA",19:36
"Stony Brook, NY",19:36
"Philadelphia, PA",19:36
"Washington, DC",19:36
"Utah, USA",19:36
"Sandy, UT",19:36
"Philadelphia, PA",19:37
"Brooklyn, NY",19:37
"Manhattan, NY",19:37
"Maryland, USA",19:37
"Brooklyn, NY",19:37
"Arlington, VA",19:37
"Manhattan, NY",19:37
"Philadelphia, PA",19:37
"Pennsylvania, USA",19:37
"Virginia, USA",19:37
"San Diego, CA",19:37
"Queens, NY",19:37
"West Virginia, USA",19:37
"Philadelphia, PA",19:37
"Manhattan, NY",19:37
"Tysons Corner, VA",19:37
"Arlington-East Falls Church, Arlington",19:37
"New Baltimore, VA",19:37
"Brooklyn, NY",19:37
"Cascades, VA",19:37
"North Kensington, MD",19:37
"Manhattan, NY",19:38
"Philadelphia, PA",19:38
"Abingdon, MD",19:38
"Washington, DC",19:38
"Bergen, Norway",19:38
Meridian Hill Park,19:38
"Richmond, IN",19:38
"Washington, DC",19:38
"Fair Lawn, NJ",19:38
"Herbertsville, NJ",19:38
"Los Angeles, CA",19:38
"Hialeah, FL",19:38
"Manhattan, NY",19:38
"Solidaridad, Quintana Roo",19:38
"Sacramento, CA",19:38
"South Carolina, USA",19:38
"Washington, DC",19:38
"Baltimore, MD",19:38
"Fingal, Ireland",19:39
"Central Saanich, British Columbia",19:39
"Brooklyn, NY",19:39
"Washington, DC",19:39
"Brooklyn, NY",19:39
"Mount Vernon, NY",19:39
"Reston, VA",19:39
"Silver Spring, MD",19:39
"Brooklyn, NY",19:39
"Groveton, VA",19:40
"Leesburg, VA",19:40
"Hindley, England",19:40
"Bronx, NY",19:40
"Philadelphia, PA",19:40
"Nebraska, USA",19:40
"Manhattan, NY",19:40
"Pleasant Hills, MD",19:40
"Pennsylvania, USA",19:40
"Donegal, Ireland",19:40
"North Kensington, MD",19:40
"Manhattan, NY",19:40
"Fair Oaks, VA",19:40
"Connecticut, USA",19:40
"Bethlehem, PA",19:41
"Manhattan, NY",19:41
"Crofton, MD",19:41
"Reston, VA",19:41
"Manhattan, NY",19:41
"Brooklyn, NY",19:41
"Capitol Hill, Washington",19:41
"Oakton, VA",19:41
"Pennsylvania, USA",19:41
"Waterloo, IA",19:41
"The Hague, South Holland",19:41
"Maryland, USA",19:41
"Brooklyn, NY",19:41
"Queens, NY",19:42
"Salem, MA",19:42
"Washington, DC",19:42
"Washington, DC",19:42
"Virginia, USA",19:42
"Scugog, Ontario",19:42
"Washington, DC",19:42
"Kansas, USA",19:42
"Manhattan, NY",19:42
"Damascus, MD",19:42
"Drexel Hill, PA",19:42
"Washington, DC",19:42
"Arlington, VA",19:42
"Washington, DC",19:42
"Manhattan, NY",19:42
"Fair Oaks, VA",19:52
"Bayonne, NJ",19:52
"Manhattan, NY",19:52
"Bensalem, PA",20:00
"Prairieville, LA",20:00
"Brooklyn, NY",20:00
"Manhattan, NY",20:00
"Fairfax, VA",20:00
"Irvine, CA",20:00
"Manhattan, NY",20:00
"Manhattan, NY",20:00
"Sarasota, FL",20:00
"Brooklyn, NY",20:00
"Manhattan, NY",20:00
"Edgewood, MD",20:00
"Queens, NY",20:00
"Manhattan, NY",20:00
"Jersey City, NJ",20:01
"Washington, DC",20:01
"Delray Beach, FL",20:01
"Washington, DC",20:01
"Irvine, CA",20:01
"Frederick, MD",20:01
"Costa Mesa, CA",20:01
"Inglewood-Finn Hill, WA",20:01
"Washington, DC",20:01
"Windemere, TX",20:01
"Winnipeg, Manitoba",20:01
"Bromley, London",20:01
"Takoma Park, MD",20:01
"Baltimore, MD",20:01
"Nutley, NJ",20:01
Prospect Park (Long Meadow),20:02
"Staten Island, NY",20:02
"Manhattan, NY",20:02
"Midtown South, Manhattan",20:02
"Greensboro, NC",20:02
"Washington, DC",20:02
"Washington, DC",20:02
"Washington, DC",20:02
"Hartsdale, NY",20:02
"Plainedge, NY",20:02
"Maryland, USA",20:02
"Brooklyn, NY",20:02
"Pennsylvania, USA",20:02
"Carmel, IN",20:02
"Bethesda, MD",20:02
"Virginia, USA",20:03
"Bronx, NY",20:03
"Washington, DC",20:03
"Oregon, IL",20:03
"Brooklyn, NY",20:03
"Brooklyn, NY",20:03
"McKee City, NJ",20:03
"Queens, NY",20:03
"Washington, DC",20:03
"Brooklyn, NY",20:03
"Long Branch, NJ",20:03
"Springfield, VA",20:03
"Shepherdstown, WV",20:03
"Miraflores, Peru",20:03
"Washington, DC",20:03
"Greenwich, London",20:03
"Brooklyn, NY",20:04
"Marcus Hook, PA",20:04
"Kennewick, WA",20:04
"Los Angeles, CA",20:04
"Delhi, NY",20:04
"Downingtown, PA",20:04
"River Forest, IL",20:04
"Queens, NY",20:04
"Silver Spring, MD",20:04
"Virginia, USA",20:04
"Three Bridges, NJ",20:04
"Moss Beach, CA",20:04
"Rock Island, IL",20:04
"Fort Lauderdale, FL",20:04
"Miguel Hidalgo, Distrito Federal",20:04
"Montgomery Village, MD",20:05
"Herndon, VA",20:05
"New Milford, NJ",20:05
"Pennsylvania, USA",20:05
"Woodberry, Baltimore",20:05
"Washington, DC",20:05
"Philadelphia, PA",20:05
"Fremont, MI",20:05
"Joplin, MO",20:05
"Manhattan, NY",20:05
"Washington, DC",20:05
"Washington, DC",20:05
"Virginia, USA",20:05
"Texas, USA",20:05
"Charlottesville, VA",20:05
"Manhattan, NY",20:05
"Mount Holly, NJ",20:05
"Spring Lake, MI",20:06
"Glastonbury, CT",20:06
"Arlington, VA",20:06
"Manhattan, NY",20:06
"Germantown, MD",20:06
"Brooklyn, NY",20:06
"Plainview, NY",20:06
"Washington, DC",20:06
"Jersey City, NJ",20:06
"Brooklyn, NY",20:06
"Mere, England",20:06
"Indiana, USA",20:06
"Queens, NY",20:06
"Brooklyn, NY",20:07
"Washington, DC",20:07
"Manhattan, NY",20:07
"Glen Cove, NY",20:07
"Queens, NY",20:07
"Fredericksburg, VA",20:07
"New Jersey, USA",20:07
"Washington, DC",20:07
"Alexandria, VA",20:07
"Washington, DC",20:07
"North Bethesda, MD",20:07
"Georgia, USA",20:07
"Wheaton, MD",20:07
"Crown Heights, Brooklyn",20:07
"Newark, NJ",20:07
"Chantilly, VA",20:08
"Los Angeles, CA",20:08
"Nesconset, NY",20:08
"Reston, VA",20:08
"South Carolina, USA",20:08
"Garden City, NY",20:08
"Washington, DC",20:08
"Maryland, USA",20:08
"North Brunswick, NJ",20:08
"Queens, NY",20:08
"Arlington, VA",20:08
"Potomac, MD",20:08
"Manhattan, NY",20:08
"Queens, NY",20:09
"Manhattan, NY",20:09
"Manhattan, NY",20:09
"Edwardsville, IL",20:09
"Brooklyn, NY",20:09
"Jarrettsville, MD",20:09
"Austin, TX",20:09
"West Virginia, USA",20:09
"Manhattan, NY",20:09
"Washington, DC",20:09
"Canton, GA",20:09
"Washington, DC",20:09
"Alexandria, VA",20:09
"Manchester, England",20:09
"Maryland, USA",20:09
"Austin, TX",20:10
"Washington, DC",20:10
"Alexandria, VA",20:10
"Queens, NY",20:10
"Manhattan, NY",20:10
"Washington, DC",20:10
"Jefferson, VA",20:10
"New York, USA",20:10
"Jarrettsville, MD",20:10
"Washington, DC",20:10
"Blackwood, NJ",20:10
"Brooklyn, NY",20:10
"Manhattan, NY",20:11
"Manhattan, NY",20:11
"Cape Coral, FL",20:11
"Pennsylvania, USA",20:11
"Brooklyn, NY",20:11
"Lorton, VA",20:11
"Manhattan, NY",20:11
"Brooklyn, NY",20:11
"Manhattan, NY",20:11
"Knoxville, TN",20:11
"Portsmouth, VA",20:11
"Cambridge, MA",20:11
"Oakton, VA",20:11
"Kentucky, USA",20:11
"Alexandria, VA",20:11
"Bronx, NY",20:12
"Manhattan, NY",20:12
"Maryland, USA",20:12
"Austin, TX",20:12
"Manhattan, NY",20:12
"Morgantown, WV",20:12
"Brooklyn, NY",20:12
"Columbus, OH",20:12
"Bronx, NY",20:13
"Paramus, NJ",20:13
"Pennsylvania, USA",20:13
"Ashburn, VA",20:13
"Potomac, MD",20:13
"Paramus, NJ",20:13
"Urbana, MD",20:13
"Washington, DC",20:13
"Shorewood, WI",20:13
"Baltimore, MD",20:13
"Washington, DC",20:13
"Manhattan, NY",20:13
"Manhattan, NY",20:13
"Benderloch, Scotland",20:13
"Manhattan, NY",20:14
"Annapolis, MD",20:14
"South Carolina, USA",20:14
"Six Mile Run, NJ",20:14
"Herbertsville, NJ",20:14
"Florida, USA",20:14
"Montgomery Village, MD",20:14
"Washington, DC",20:14
"Urbana, MD",20:14
"Cortez, FL",20:14
"Bethlehem, PA",20:14
"Queens, NY",20:14
"Helsinki, Finland",20:14
"Washington, DC",20:14
"Spring Lake, MI",20:15
"South Carolina, USA",20:15
"Manhattan, NY",20:15
"Medina, OH",20:15
"Queens, NY",20:15
"Cockeysville, MD",20:15
"Manhattan, NY",20:15
"Queens, NY",20:15
"Baltimore, MD",20:15
"Quezon City, National Capital Region",20:15
"Reisterstown, MD",20:15
"Plano, TX",20:15
"Rothsville, PA",20:15
"Charlotte, NC",20:15
"Richmond, VA",20:15
"Arlington, VA",20:15
"Richmond, VA",20:15
"Bountiful, UT",20:15
"Manhattan, NY",20:15
"Queens, NY",20:15
"Brooklyn, NY",20:15
"Alexandria, VA",20:15
"Alexandria, VA",20:16
"Bethesda, MD",20:16
"Washington, DC",20:16
"Uniontown, PA",20:16
"College Park, MD",20:16
"Staten Island, NY",20:16
"Irvington, NJ",20:16
"Brooklyn, NY",20:16
"Virginia, USA",20:17
"Alexandria, VA",20:17
"Ohio, USA",20:17
"Queens, NY",20:17
"Washington, DC",20:17
"Manhattan, NY",20:17
"Queens, NY",20:17
"Manhattan, NY",20:17
"Glenarden, MD",20:17
"Centerville, NJ",20:17
"Manhattan, NY",20:17
"Pennsylvania, USA",20:17
"Fort Lauderdale, FL",20:17
"Allendale, MI",20:18
"North Bethesda, MD",20:18
"Memphis, TN",20:18
"Washington, DC",20:18
"Washington, DC",20:18
"Bethesda, MD",20:18
"Alexandria, VA",20:18
"Brooklyn, NY",20:18
"Washington, DC",20:18
"Washington, DC",20:18
"Mitchellville, MD",20:18
"Manhattan, NY",20:18
"Southwest, Washington",20:18
"Maryland, USA",20:18
"Shrewsbury, MA",20:18
"Manhattan, NY",20:18
"Manhattan, NY",20:19
"Manhattan, NY",20:19
"Manhattan, NY",20:19
"Queens, NY",20:19
"Baltimore, MD",20:19
"Brooklyn, NY",20:19
"Los Angeles, CA",20:19
"San Antonio, TX",20:19
"Wheaton, MD",20:19
"Forest Hills, Queens",20:19
"Fort Lauderdale, FL",20:19
"Linden, NJ",20:19
"Brooklyn, NY",20:19
"Modesto, CA",20:19
"Philadelphia, PA",20:19
"Washington, DC",20:20
"Kirkwood, MO",20:20
"Washington, DC",20:20
"Bensalem, PA",20:20
"San Francisco, CA",20:20
"Florida, USA",20:20
"Manhattan, NY",20:20
Ukraine,20:20
"Brooklyn, NY",20:20
"Massena, NY",20:20
"Milpitas, CA",20:20
"Manhattan, NY",20:20
"Baltimore, MD",20:20
"Leigh, England",20:20
"Santa Clara, CA",20:20
"Baltimore, MD",20:20
"Pennsylvania, USA",20:21
"Collingswood, NJ",20:21
"Queens, NY",20:21
"Manhattan, NY",20:21
"Tarrytown, NY",20:21
"Queens, NY",20:21
"Manhattan, NY",20:22
"New York, USA",20:22
"Manhattan, NY",20:22
"Chesapeake, VA",20:22
"Franklin Square, NY",20:22
"Bel Air, MD",20:22
"Washington, DC",20:22
"Pennsylvania, USA",20:22
"East Atlantic Beach, NY",20:22
"Owings Mills, MD",20:22
"Sterling, VA",20:22
"Rhode Island, USA",20:22
"Keene, NH",20:22
"Guilderland, NY",20:23
"Brooklyn, NY",20:23
"Owings Mills, MD",20:23
"Washington, DC",20:23
"Halfway House, PA",20:23
"Cape May Court House, NJ",20:23
"Boston, MA",20:23
"Washington, DC",20:23
"Brooklyn, NY",20:23
"Anchorage, AK",20:23
"Arlington, VA",20:23
"Silver Spring, MD",20:23
"Manhattan, NY",20:23
"Paxtang, PA",20:23
"Fairfax, VA",20:23
"Baltimore, MD",20:23
"Philadelphia, PA",20:24
"Pennsylvania, USA",20:24
"Baltimore, MD",20:24
"Arlington, VA",20:24
"Washington, DC",20:24
"New Jersey, USA",20:24
"Lake Ridge, VA",20:24
"West Chester, PA",20:24
"St Joseph, MO",21:03
"La Plata, MD",21:04
"Pennsylvania, USA",21:04
"Pennsylvania, USA",21:04
"Manhattan, NY",21:04
"Manhattan, NY",21:04
"West New York, NJ",21:04
"Louisiana, USA",21:04
"Louisiana, USA",21:04
"Los Angeles, CA",21:04
"Washington, DC",21:04
"Philadelphia, PA",21:05
"Washington, DC",21:05
"Edmonton, Alberta",21:05
"New Brunswick, NJ",21:05
"Queens, NY",21:05
"Pennsylvania, USA",21:05
"Washington, DC",21:05
"Arlington, VA",21:05
"Pennsylvania, USA",21:05
"Queens, NY",21:05
"Las Vegas, NV",21:06
"Oke-Aran, Nigeria",21:06
"Birmingham, England",21:06
"Baldwin Park, CA",21:06
"Manhattan, NY",21:06
"Exton, PA",21:06
"Potomac, MD",21:06
"Tucson, AZ",21:06
"Washington, DC",21:06
"Alexandria, VA",21:06
"Haddon Heights, NJ",21:06
"Arlington, VA",21:06
"Cross Lanes, WV",21:06
"Miami, FL",21:06
"Islip, NY",21:06
"Manhattan, NY",21:06
"Brooklyn, NY",21:06
"Tucson, AZ",21:06
Old Morgan School Place,21:07
"Brooklyn, NY",21:07
"West Chester, PA",21:07
"Georgia, USA",21:07
"Alexandria, VA",21:07
"San Diego, CA",21:07
Salt Lake City International Airport (SLC),21:07
"Pennsylvania, USA",21:07
"Brooklyn, NY",21:07
"El Cajon, CA",21:07
"Olney, MD",21:07
"Radnor Township, PA",21:07
"Manhattan, NY",21:07
"Manhattan, NY",21:07
"Brooklyn, NY",21:07
"Manhattan, NY",21:07
"Encinitas, CA",21:07
"Brooklyn, NY",21:07
"Pennsylvania, USA",21:08
"Manhattan, NY",21:08
"Manhattan, NY",21:08
"Takoma Park, MD",21:08
Canada,21:08
"Brooklyn, NY",21:08
"Oxon Hill, MD",21:08
"Centreville, VA",21:08
"Somerdale, NJ",21:08
"Philadelphia, PA",21:08
"Virginia, USA",21:09
"Christiansburg, VA",21:09
"Washington, DC",21:09
"Puntarenas, Costa Rica",21:09
"Nevada, USA",21:09
"Texas, USA",21:09
"Roma, Lazio",21:09
"Corpus Christi, TX",21:09
"Brooklyn, NY",21:09
"Princeton North, NJ",21:09
"Norfolk, VA",21:09
"Washington, DC",21:09
"Greer, SC",21:09
"Pickerington, OH",21:09
"Manhattan, NY",21:09
"Apollo Beach, FL",21:09
"East Hampton, NY",21:10
"Mansfield, TX",21:10
"University Park, NM",21:10
"Washington, DC",21:10
"Queens, NY",21:10
"Goldsboro, PA",21:10
"Philadelphia, PA",21:10
"Baltimore, MD",21:10
"Manhattan, NY",21:10
"Edcouch, TX",21:10
"Queens, NY",21:11
"Philadelphia, PA",21:11
"Nevada, USA",21:11
"Brooklyn, NY",21:11
"Ocean Acres, NJ",21:11
"Cranford, NJ",21:11
"Chicago, IL",21:11
"St Peters, MO",21:11
"Manhattan, NY",21:11
"White Horse, NJ",21:11
"Castle Shannon, PA",21:11
"Plympton, England",21:11
"Parris Island, SC",21:12
"Brooklyn, NY",21:12
"Richmond, VA",21:12
"Hampton, VA",21:12
"Delanco, NJ",21:12
"Secaucus, NJ",21:12
"Nesconset, NY",21:12
"Takoma Park, MD",21:12
"Cuyahoga Falls, OH",21:12
"Manhattan, NY",21:23
"Queens, NY",21:23
"Washington, DC",21:23
"Washington, DC",21:23
"Delaware, USA",21:23
"Indiana, USA",21:23
"New Jersey, USA",21:23
"Birmingham, England",21:23
"Manhattan, NY",21:23
"Urbana, MD",21:24
"Rochester Hills, MI",21:24
"Pembroke Pines, FL",21:24
"Glenn Dale, MD",21:24
"Alexandria, VA",21:24
"Frederick, MD",21:24
"Washington, DC",21:24
"College Park, MD",21:24
"Birmingham, England",21:24
"Washington, DC",21:24
"Baltimore, MD",21:24
"Manhattan, NY",21:24
"Los Angeles, CA",21:25
"Washington, DC",21:25
"Cranford, NJ",21:25
"Raleigh, NC",21:25
"West Chester, PA",21:25
"Annandale, VA",21:25
"Manhattan, NY",21:25
"Lancaster, PA",21:25
"Baltimore, MD",21:26
"Mississauga, Ontario",21:26
"Lakeland, NY",21:26
"Los Angeles, CA",21:26
"Washington, DC",21:26
"Manhattan, NY",21:26
"South Charleston, WV",21:26
"Washington, DC",21:26
"McGuire Air Force Base, NJ",21:26
"Brooklyn, NY",21:26
"Winter Garden, FL",21:26
"Friendship Heights Village, MD",21:26
"Baltimore, MD",21:26
"Manhattan, NY",21:26
"Manhattan, NY",21:26
"Arlington, TX",21:26
"Manhattan, NY",21:27
"Washington, DC",21:27
"Washington, DC",21:27
"Miamisburg, OH",21:27
"Stamford, CT",21:27
"San Luis Obispo, CA",21:27
"Smithsburg, MD",21:27
"Rose Hill, VA",21:27
"Los Angeles, CA",21:27
"Rockville, MD",21:27
"Lake Ridge, VA",21:28
"Atlanta, GA",21:28
"Burton, MI",21:28
"Manhattan, NY",21:28
"Margate, FL",21:28
"Manhattan, NY",21:28
"Brooklyn, NY",21:28
"Rocky Hill, CT",21:28
"Norwalk, CT",21:28
"Countryside, VA",21:28
"Pennsylvania, USA",21:33
"Queens, NY",21:33
"Honey Brook, PA",21:33
"North Bergen, NJ",21:33
"Manhattan, NY",21:33
"Bournemouth, England",21:33
"Weehawken, NJ",21:33
"Brooklyn, NY",21:34
"Manhattan, NY",21:34
"Dumfries, VA",21:34
"Cairo, Egypt",21:34
"Brooklyn, NY",21:34
"Camden, NJ",21:34
"Oakton, VA",21:34
"Janesville, WI",21:34
"Virginia, USA",21:35
"Queens, NY",21:35
"Silver Spring, MD",21:35
"Manhattan, NY",21:35
"Urbandale, IA",21:35
"Brooklyn, NY",21:35
"Honey Brook, PA",21:35
"Red Lion, PA",21:35
"Manhattan, NY",21:35
"Jeffersontown, KY",21:35
"Nantucket, MA",21:35
"Brooklyn, NY",21:35
"Perry Hall, MD",21:35
"Pennsylvania, USA",21:36
"Ellicott City, MD",21:36
"Alexandria, VA",21:36
"Derwood, MD",21:36
"Manhattan, NY",21:36
"Ronkonkoma, NY",21:36
"Manhattan, NY",21:36
"Dale City, VA",21:36
"Brooklyn, NY",21:36
"Paxtang, PA",21:36
"Alexandria, VA",21:36
"Los Angeles, CA",21:37
"Brooklyn, NY",21:37
"Wheaton, MD",21:37
"Waukegan, IL",21:37
Whole Foods Market,21:37
"Maine, USA",21:37
"Newark, NJ",21:37
"Manhattan, NY",21:37
"Queens, NY",21:37
"Baltimore, MD",21:37
"Morgantown, WV",21:37
"Irvington, NJ",21:37
"Tennessee, USA",21:37
"Manhattan, NY",21:37
"East Farmingdale, NY",21:37
"Kaneohe, HI",21:37
"Le Droit Park, Washington",21:37
"Dorneyville, PA",21:38
"Florida, USA",21:38
"Brooklyn, NY",21:38
"In Baltimore, Md",21:38
"Alexandria, VA",21:38
"North Bethesda, MD",21:38
"Chicago, IL",21:38
"Jersey City, NJ",21:38
"Seattle, WA",21:38
"Portland, OR",21:38
"Key West, FL",21:38
"Virginia, USA",21:38
"Washington, DC",21:38
"Hyattsville, MD",21:38
"Queens, NY",21:38
"Washington, DC",21:38
"Hauppauge, NY",21:39
"South Carolina, USA",21:39
"Washington, DC",21:39
"Bordentown, NJ",21:39
"Tennessee, USA",21:39
"Washington, DC",21:39
"Pennsylvania, USA",21:39
"Sandy Spring, MD",21:39
"Ellicott City, MD",21:39
"Brooklyn, NY",21:39
"Cambridge, MA",21:39
"Manhattan, NY",21:39
"Brooklyn, NY",21:39
"Middletown, NJ",21:40
"Brooklyn, NY",21:40
"Washington, DC",21:40
"Manhattan, NY",21:40
"St Charles, MD",21:40
"Washington, DC",21:40
"Yaphank, NY",21:40
"Maryland, USA",21:40
"Manhattan, NY",21:40
"Maryland, USA",21:40
"Princeton Junction, NJ",21:40
"Ellicott City, MD",21:40
"Little Silver, NJ",21:40
"Miramar, FL",21:40
"Bronx, NY",21:40
"Manhattan, NY",21:41
"Radnor Township, PA",21:41
"Arlington, VA",21:41
"Brooklyn, NY",21:41
"New Cumberland, PA",21:41
"Mission, San Francisco",21:41
"Washington, DC",21:41
"Orlando, FL",21:41
"Washington, DC",21:41
"Whitley Bay, England",21:41
"Manhattan, NY",21:41
"Brooklyn, NY",21:41
"Virginia, USA",21:41
"Cape Coral, FL",21:42
"Washington, DC",21:42
"Shrewsbury, PA",21:42
"Arkansas, USA",21:42
"West Des Moines, IA",21:42
"Nashville, TN",21:42
"Texas, USA",21:42
"Royal Oak, MI",21:42
"Melvindale, MI",21:42
"Tempe, AZ",21:42
"New Rochelle, NY",21:42
"Montclair, NJ",21:42
"Norfolk, VA",21:42
"Maine, USA",21:42
"Washington, DC",21:42
"Los Angeles, CA",21:42
"Bridgewater, NJ",21:42
"Millersville, PA",21:42
"Linganore, MD",21:43
"Manhattan, NY",21:43
"Washington, DC",21:43
"Charleston, WV",21:43
"Washington, DC",21:43
"Detroit, MI",21:43
"Chicago, IL",21:43
"Pennsylvania, USA",21:43
"Brooklyn, NY",21:43
"Boston, MA",21:43
"Manhattan, NY",21:43
"Washington, DC",21:43
"Manhattan, NY",21:43
"Washington, DC",21:43
"Falls Church, VA",21:43
"Virginia, USA",21:43
"Brooklyn, NY",21:44
"San Diego, CA",21:44
"Oakland, CA",21:44
"Pleasantville, NY",21:44
"Manhattan, NY",21:48
"Maryland, USA",21:48
"Lancaster, PA",21:48
"York, PA",21:48
"Wyandotte, MI",21:49
"Texas, USA",21:49
"Pawtucket, RI",21:49
"Hanover, PA",21:49
"Manhattan, NY",21:49
"Boone, NC",21:49
"Washington, DC",21:49
"Manhattan, NY",21:49
"South Gate, MD",21:49
"Manhattan, NY",21:49
"Staten Island, NY",21:49
"Cape Coral, FL",21:49
"Ridgewood, Queens",21:49
"Alexandria, VA",21:49
"Manhattan, NY",21:49
"Yorktown, IN",21:50
"Manorville, NY",21:50
"Jersey City, NJ",21:50
"Salisbury, MD",21:50
"Madison, OH",21:50
"Mount Laurel, NJ",21:50
"Port St Lucie, FL",21:50
"Irvington, NJ",21:50
"Cheat Lake, WV",21:50
"Pennsylvania, USA",21:50
"Portage Lakes, OH",21:50
"Queens, NY",21:50
"Williamstown, WV",21:50
"Manhattan, NY",21:50
"Smyrna, TN",21:50
"Nipigon, Ontario",21:50
"Queens, NY",21:50
"Manhattan, NY",21:50
"Edgewood, MD",21:51
"Toronto, Ontario",21:51
"Manhattan, NY",21:53
"Manhattan, NY",21:53
"Morris Plains, NJ",21:53
"Manhattan, NY",21:53
"Washington, DC",21:53
"Brighton, NY",21:53
"Bowling Green, KY",21:53
"George Mason, VA",21:53
"Essex, MD",21:53
"Temple Hills, MD",21:53
"Washington, DC",21:53
"Austin, TX",21:53
"Philadelphia, PA",21:53
"Coral Springs, FL",21:53
"Pennsylvania, USA",21:54
"Waukesha, WI",21:54
"Virginia, USA",21:54
"Dawson Creek, British Columbia",21:54
"Manhattan, NY",21:54
"South Carolina, USA",21:54
"Clinton, UT",21:54
"Florida, USA",21:54
"Millburn, NJ",21:54
"Manhattan, NY",21:54
"Manhattan, NY",21:55
"Boston, MA",21:55
"Queens, NY",21:55
"Brooklyn, NY",21:55
"District of Columbia, USA",21:55
"Brandon, Manitoba",21:55
"Lake Grove, NY",21:55
"Maryland, USA",21:55
"North New Hyde Park, NY",21:55
"Buenos Aires City Region, Argentina",21:55
"Manhattan, NY",21:55
"Owings Mills, MD",21:55
"Cambridge, MA",21:55
"Andrews Air Force Base, MD",21:55
"Park City, UT",21:55
"Staten Island, NY",21:55
"Manhattan, NY",21:55
"Pennsylvania, USA",21:55
"Fairfield, NJ",21:55
"Queens, NY",21:56
"Hoboken, NJ",21:56
"Marietta, GA",21:56
"Hermosa Beach, CA",21:56
"Endwell, NY",21:56
"New York, USA",21:56
"Parris Island, SC",21:56
"Hampton, VA",21:57
"New York, USA",21:57
"Barksdale, MD",21:57
Meridian Hill Park,21:57
"Portland, OR",21:57
"Bickerton, England",21:57
"York, England",21:57
"Bowie, MD",21:57
"Tysons Corner, VA",21:57
"Brooklyn, NY",21:57
"Burlington, NJ",21:57
"Addlestone, England",21:57
"Washington, DC",21:57
"Baltimore, MD",21:57
"Central Park, Manhattan",21:57
"Brooklyn, NY",21:57
"Harrisonburg, VA",21:57
"Brooklyn, NY",21:58
"Queens, NY",21:58
"Lafayette, LA",21:58
"Jersey City, NJ",21:58
"Philadelphia, PA",21:58
"Spring City, PA",21:58
"Phoenix, AZ",21:58
"Havelock, NC",21:58
"Manhattan, NY",21:58
"Fort Worth, TX",21:58
"Manhattan, NY",21:58
"Providence, RI",21:58
"Windsor, CT",21:59
"Brooklyn, NY",21:59
"Manhattan, NY",21:59
"Gaithersburg, MD",21:59
"Washington, DC",21:59
"Cascades, VA",21:59
"Alexandria, VA",21:59
"Los Angeles, CA",21:59
"Queens, NY",21:59
"Pennsylvania, USA",21:59
"Yorklyn, PA",21:59
"Santa Clarita, CA",22:00
"Fort Washington, MD",22:00
"Harrison, NY",22:00
"Colorado Springs, CO",22:00
"Philadelphia, PA",22:00
"Los Angeles, CA",22:00
"Brooklyn, NY",22:00
"Queens, NY",22:00
"Manhattan, NY",22:00
"Pennsylvania, USA",22:00
"Oxon Hill, MD",22:00
"Northern Liberties, Philadelphia",22:00
"Fairfax, VA",22:00
"Fremont, CA",22:00
"Somerset, NJ",22:01
"Bethel, CT",22:01
"Washington, DC",22:01
"La Mirada, CA",22:01
"Leavenworth, KS",22:01
"Washington, DC",22:01
"Magden, Aargau",22:01
"Alexandria, VA",22:01
"Washington, DC",22:01
"Newark, NJ",22:01
"Queens, NY",22:01
"Queens, NY",22:01
"Tysons Corner, VA",22:01
"Bethpage, NY",22:01
"Princeton Meadows, NJ",22:02
"Levittown, NY",22:02
"Gettysburg, PA",22:02
"Jersey City, NJ",22:02
"La Plata, MD",22:02
"Washington, DC",22:02
"Ashburn, VA",22:02
"Mission, San Francisco",22:02
"Oklahoma City, OK",22:02
"Waynesboro, VA",22:02
"Queens, NY",22:02
"Rosedale, MD",22:02
"Maryland, USA",22:02
"Washington, DC",22:02
"Glasgow, Scotland",22:02
"Memphis, TN",22:02
"Bethpage, NY",22:02
"Arlington, VA",22:02
Puerto Rico,22:02
"Mount Kisco, NY",22:02
"Encinitas, CA",22:02
"Manhattan, NY",22:02
"Maryland, USA",22:02
"Brigantine, NJ",22:02
"Arlington, VA",22:02
"Murray, KY",22:02
"Washington, DC",22:03
"Celaya, Guanajuato",22:03
"Manhattan, NY",22:03
"Brooklyn, NY",22:03
"Bayonne, NJ",22:03
"Bethpage, NY",22:03
"Baltimore, MD",22:03
"Bronx, NY",22:03
"Fayetteville, PA",22:03
"Murray, KY",22:03
"Pennsylvania, USA",22:03
"New York, USA",22:03
"Philadelphia, PA",22:03
"Washington, DC",22:04
"Bethpage, NY",22:04
"Brooklyn, NY",22:04
"Memphis, TN",22:04
"Manhattan, NY",22:04
"Arlington, VA",22:04
"Bethpage, NY",22:04
"Chesilhurst, NJ",22:04
"Haddon Heights, NJ",22:04
"Barcelona, Catalunya",22:04
"Manhattan, NY",22:04
"Manhattan, NY",22:04
"Allendale, MI",22:05
"Bethlehem, PA",22:05
"Brooklyn, NY",22:05
"Village Shires, PA",22:05
"East Garden City, NY",22:05
"Dover, DE",22:05
"Jersey City, NJ",22:05
"Pennsylvania, USA",22:05
"Florida, USA",22:05
"Bowling Green, KY",22:06
"Arlington, VA",22:06
"Ellicott City, MD",22:06
"Prescott, AZ",22:06
"Hanover, PA",22:06
"Florida, USA",22:06
"Bournemouth, England",22:06
"New Milford, NJ",22:06
"Brooklyn, NY",22:06
"Texas, USA",22:06
"North Carolina, USA",22:06
"Aspen Hill, MD",22:06
"Manhattan, NY",22:06
"Manhattan, NY",22:07
"Brooklyn, NY",22:07
"Brooklyn, NY",22:07
"Aspen Hill, MD",22:07
"Las Vegas, NV",22:07
"East Hampton, NY",22:07
"Central Park, Manhattan",22:07
"Manhattan, NY",22:07
"Reston, VA",22:07
"Manhattan, NY",22:07
"Wallasey, England",22:07
"Brooklyn, NY",22:07
"Crofton, MD",22:07
"Brooklyn, NY",22:07
"Dallas, TX",22:07
"Washington, DC",22:08
"Scotch Plains, NJ",22:08
"Catshill, England",22:08
"Manhattan, NY",22:08
"Manhattan, NY",22:08
"Brooklyn, NY",22:08
"Severn, MD",22:08
"Philadelphia, PA",22:08
"Tucson, AZ",22:08
"Miami Beach, FL",22:08
"New Jersey, USA",22:08
"Wendell, NC",22:08
"Texas, USA",22:08
"Manasquan, NJ",22:08
"Brooklyn, NY",22:08
"Washington, DC",22:08
"Yonkers, NY",22:08
"Palm Beach, FL",22:08
"Brooklyn, NY",22:08
"Wendell, NC",22:08
"Baltimore, MD",22:08
"Ontario, Canada",22:08
"Trumbull, CT",22:09
"Manhattan, NY",22:09
"Manhattan, NY",22:09
"New Milford, NJ",22:09
"Virginia, USA",22:09
"Brookhaven, PA",22:09
"Wyomissing Hills, PA",22:09
"Manhattan, NY",22:09
"Nissequogue, NY",22:09
"Arlington, VA",22:09
"Wall, NJ",22:09
"Stony Brook, NY",22:09
"Queens, NY",22:09
"East Lake, FL",22:09
"Arizona, USA",22:09
"Philadelphia, PA",22:09
"Leeds, England",22:09
"Long Branch, NJ",22:09
"Dix Hills, NY",22:10
"Fort Washington, MD",22:10
"Manhattan, NY",22:10
"Washington, DC",22:10
"Ontario, Canada",22:10
"Cambridge, England",22:10
"Benderloch, Scotland",22:10
"Bournemouth, England",22:10
"Boynton Beach, FL",22:10
"Upper Pohatcong, NJ",22:10
"Manhattan, NY",22:10
"Redondo Beach, CA",22:10
"Little Elm, TX",22:11
"Richmond, VA",22:11
"Oxon Hill, MD",22:11
"Poughkeepsie, NY",22:11
"Manhattan, NY",22:11
"Westminster, MD",22:11
"Bronx, NY",22:11
"Carney, MD",22:11
"Manhattan, NY",22:11
"Alexandria, VA",22:11
"Vincent, CA",22:12
"Manhattan, NY",22:12
"Manhattan, NY",22:12
"Crayford, London",22:12
"Hampton Bays, NY",22:12
"Manhattan, NY",22:12
"Edison, NJ",22:12
"Baltimore, MD",22:12
"Brooklyn, NY",22:12
"Workington, England",22:12
"Manhattan, NY",22:12
"Brooklyn, NY",22:12
"Plainfield, NJ",22:12
"Brooklyn, NY",22:13
"Oakland, CA",22:13
"Naperville, IL",22:13
"Stockholm, Sweden",22:13
"Washington, DC",22:13
"Queens, NY",22:13
"Salem, MA",22:13
"Trenton, NJ",22:13
"Manhattan, NY",22:13
"Bangor, Northern Ireland",22:13
"New Jersey, USA",22:13
"Hoboken, NJ",22:13
"Washington, DC",22:13
"Brooklyn, NY",22:13
"Manhattan, NY",22:13
"Allendale, MI",22:13
"New York, USA",22:13
"Baltimore, MD",22:13
"West New York, NJ",22:13
"Manhattan, NY",22:13
"New Jersey, USA",22:13
"Bronx, NY",22:13
"Wallasey, England",22:14
"Mineola, NY",22:14
"Manhattan, NY",22:14
"Philadelphia, PA",22:14
"Livingston, NJ",22:14
"Manhattan, NY",22:14
"Fairfax Station, VA",22:14
"Hoboken, NJ",22:14
"Queens, NY",22:14
"Maryland, USA",22:14
"Lakewood, CA",22:14
"Chicago, IL",22:15
"Toronto, Ontario",22:15
"England, United Kingdom",22:15
Lebanon,22:15
"North Richland Hills, TX",22:15
"Manhattan, NY",22:15
"Alexandria, VA",22:15
"Washington, DC",22:15
"Owings Mills, MD",22:15
"Evergreen Park, IL",22:15
"Martinsburg, WV",22:15
"Silver Spring, MD",22:15
"Manhattan, NY",22:15
"Preston, England",22:15
"Washington, DC",22:15
"Manhattan, NY",22:15
"Philadelphia, PA",22:15
"Laymantown, VA",22:15
"Washington, DC",22:15
"College Park, MD",22:15
"Delaware, USA",22:16
"Central Park, Manhattan",22:16
"Brooklyn, NY",22:16
"Brooklyn, NY",22:16
"Washington, DC",22:16
"Choctaw, OK",22:16
"Everett, WA",22:16
"Miami Beach, FL",22:16
"Lawrenceville, NJ",22:16
"Uniondale, NY",22:16
"Manhattan, NY",22:17
"Brentwood, NY",22:17
"Washington, DC",22:17
"Atlantic City, NJ",22:17
"Queens, NY",22:17
"Newark, NJ",22:17
"Brewer, ME",22:17
"North Caldwell, NJ",22:18
"Moundsville, WV",22:18
"Centreville, VA",22:18
"Washington, DC",22:18
"Miami Beach, FL",22:28
"Leesburg, VA",22:28
"North Kensington, MD",22:28
"Dranesville, VA",22:28
"Washington, DC",22:28
"Alexandria, VA",22:28
"Manhattan, NY",22:28
"Wheaton, MD",22:28
"Youngstown, OH",22:28
"Manhattan, NY",22:28
"California, USA",22:28
"Brooklyn, NY",22:28
"Deerfield Beach, FL",22:28
"Boston, MA",22:28
"Queens, NY",22:28
"Washington, DC",22:28
"Brooklyn, NY",22:28
"Washington, DC",22:29
"Brooklyn Park, MD",22:29
"Saint Elizabeths, Washington",22:29
"Philadelphia, PA",22:29
"Manhattan, NY",22:29
"Napa, CA",22:29
"Queens, NY",22:29
"Manhattan, NY",22:29
"Washington, DC",22:29
"Virginia, USA",22:29
"Hoboken, NJ",22:30
"Philadelphia, PA",22:30
"Washington, DC",22:30
"Los Angeles, CA",22:30
"Ashburn, VA",22:30
"Greenwich Village, Manhattan",22:30
"Brooklyn, NY",22:30
"Chamberlayne, VA",22:30
"Manhattan, NY",22:30
"Thorndale, PA",22:30
"Queens, NY",22:30
"Wolcott, CT",22:30
"Virginia, USA",22:30
"Freeport, NY",22:30
"Doylestown, PA",22:31
"Franconia, VA",22:31
"Maryland, USA",22:31
"North Bethesda, MD",22:31
"Brooklyn, NY",22:31
"Pennsylvania, USA",22:31
"Kutztown, PA",22:32
"Wichita, KS",22:32
"Pennsylvania, USA",22:32
"Houston, TX",22:32
"Arlington, VA",22:32
"Burke, VA",22:32
"Yonkers, NY",22:32
"Baltimore, MD",22:32
"Queens, NY",22:32
"Maywood, IL",22:32
"Derwood, MD",22:32
"Morgantown, WV",22:33
"West Falmouth, MA",22:33
"Washington, DC",22:33
"Virginia, USA",22:33
"Brooklyn, NY",22:33
"Washington, DC",22:33
"Baltimore, MD",22:33
"Reston, VA",22:33
"Brooklyn, NY",22:33
"Washington, DC",22:33
"New York, USA",22:33
"Elmsford, NY",22:33
"Baltimore, MD",22:33
"North Kensington, MD",22:33
"Hyattsville, MD",22:33
"Vienna, VA",22:33
"New Jersey, USA",22:34
"Westfield, NJ",22:34
"Queens, NY",22:34
"Jersey City, NJ",22:34
"Manhattan, NY",22:34
"Bayville, NY",22:34
"Bronx, NY",22:34
"Washington, DC",22:34
"Wandsworth, London",22:34
"Pennsylvania, USA",22:34
"Manhattan, NY",22:34
"Bronx, NY",22:34
"South Orange, NJ",22:34
"North Bergen, NJ",22:34
"Los Angeles, CA",22:34
"Ipswich, England",22:35
"Manhattan, NY",22:35
"Washington, DC",22:35
"Queens, NY",22:35
"West Palm Beach, FL",22:35
"Manhattan, NY",22:35
"Ridgewood, NJ",22:35
"Somerset, NJ",22:35
"Gifford, FL",22:35
"Philadelphia, PA",22:35
"Queens, NY",22:35
"Stony Creek Mills, PA",22:35
"Washington, DC",22:35
"Washington, DC",22:35
"Brooklyn, NY",22:36
"Ridgewood, NJ",22:36
"Dallas, TX",22:36
"Jersey City, NJ",22:36
"Queens, NY",22:36
"Lakeland Heights, TX",22:36
"Philadelphia, PA",22:36
"Livingston, NJ",22:36
"Mount Pocono, PA",22:36
"Ridgewood, NJ",22:36
"Brooklyn, NY",22:36
"New York, USA",22:36
"Country Club, FL",22:37
"Manhattan, NY",22:37
Avleigh Circle Home,22:37
"Queens, NY",22:37
"Cork, Ireland",22:37
"Manhattan, NY",22:37
"Berkeley, CA",22:37
"Toronto, Ontario",22:37
"Pennsylvania, USA",22:37
"Shawnee, OK",22:37
"Belmar, NJ",22:37
"Washington, DC",22:37
"Queens, NY",22:37
"Bethesda, MD",22:37
"Lincoln, NE",22:37
"Manhattan, NY",22:37
"Arlington, VA",22:37
"Washington, DC",22:38
"Belle Haven, VA",22:38
"Brooklyn, NY",22:38
"Manhattan, NY",22:38
"Tallahassee, FL",22:38
"Manhattan, NY",22:38
"Washington, DC",22:38
"Pennsylvania, USA",22:38
"Mercer Island, WA",22:38
"Washington, DC",22:38
"Harvey Cedars, NJ",22:38
"Rockville, MD",22:39
"Bowling Green, KY",22:39
"Queens, NY",22:39
"Arlington, VA",22:39
"Alexandria, VA",22:39
"Manhattan, NY",22:39
"Burke, VA",22:39
"Washington, DC",22:39
"Maryland, USA",22:39
"Kirkwood, MO",22:39
"Kingman Park, Washington",22:39
"Manhattan, NY",22:39
"Pennsylvania, USA",22:39
"Manhattan, NY",22:40
"Manhattan, NY",22:40
"Staten Island, NY",22:40
"Toronto, Ontario",22:40
"Massachusetts, USA",22:40
"Queens, NY",22:40
"Virginia, USA",22:40
"Manchester, England",22:40
"Manhattan, NY",22:40
"Washington, DC",22:41
"Northampton, England",22:41
"Dix Hills, NY",22:41
"Queens, NY",22:41
"Aquia Harbour, VA",22:41
"Dallas, TX",22:41
"Suitland, MD",22:41
"Washington, DC",22:41
"Houston, TX",22:41
"Baltimore, MD",22:41
"Neosho, MO",22:41
"Manchester, KY",22:41
"Muhlenberg Park, PA",22:41
"Manhattan, NY",22:41
"Manhattan, NY",22:41
"Cambridge, MA",22:42
"North Potomac, MD",22:42
"Providence, RI",22:42
"Fort Lee, NJ",22:42
"Queens, NY",22:43
"Vancouver, WA",22:43
"Birmingham, England",22:43
"Los Angeles, CA",22:43
"Manhattan, NY",22:43
"Alexandria, VA",22:43
"San Francisco, CA",22:43
"Rosedale, MD",22:43
"Dundalk, MD",22:43
"Brooklyn, NY",22:43
"Memphis, TN",22:44
"Staten Island, NY",22:44
"Arlington, VA",22:44
"Summit, NJ",22:44
"Chicago, IL",22:44
"Vancouver, British Columbia",22:44
"Herndon, VA",22:44
"Washington, DC",22:44
"Washington, DC",22:44
"Washington, DC",22:44
"Brooklyn, NY",22:44
"Pennsylvania, USA",22:44
"Manhattan, NY",22:45
"Queens, NY",22:45
"Manhattan, NY",22:45
"Philadelphia, PA",22:45
"Whitney, NV",22:45
"Washington, DC",22:45
"Manhattan, NY",22:45
"Washington, DC",22:45
"Dranesville, VA",22:45
"Maryland, USA",22:45
"Brooklyn, NY",22:45
"San Diego, CA",22:45
"Manhattan, NY",22:46
"Lisburn, Northern Ireland",22:46
"Enterprise, NV",22:46
"Chichester, England",22:46
"Ferndale, MD",22:46
"Washington, DC",22:46
"Manhattan, NY",22:46
"Petersburg, VA",22:46
"Bergenfield, NJ",22:47
"Fruit Heights, UT",22:47
"Manhattan, NY",22:47
"Carmel, IN",22:47
"Manhattan, NY",22:47
"Manhattan, NY",22:48
"Downtown, Brooklyn",22:48
"Vermilion, OH",22:48
"Melbourne, Victoria",22:48
"Tysons Corner, VA",22:48
"SOHO, Manhattan",22:48
"Manhattan, NY",22:48
"Oakton, VA",22:48
"Livingston, NJ",22:48
"Abingdon, MD",22:48
"Philadelphia, PA",22:48
"Hackney, London",22:48
"Galesburg, IL",22:48
"Virginia, USA",22:48
"Kentucky, USA",22:48
"Brooklyn, NY",22:48
"Columbus, OH",22:49
"Burtonsville, MD",22:49
"Washington, DC",22:49
"Washington, DC",22:49
"Washington, DC",22:49
"Brooklyn, NY",22:49
"Manhattan, NY",22:49
"Washington, DC",22:49
"Tallahassee, FL",22:49
"Brooklyn, NY",22:49
"Knoxville, TN",22:49
"Garrett Park, MD",22:49
"Miami, FL",22:49
"Maryland, USA",22:49
"Annapolis, MD",22:49
"Kentucky, USA",22:50
"Washington, DC",22:50
"Thornaby on Tees, England",22:50
"Groveton, VA",22:50
"Lyndhurst, VA",22:50
"Baltimore, MD",22:50
"Washington, DC",22:50
"Pennsylvania, USA",22:50
"Dunellen, NJ",22:50
"Washington, DC",22:50
"Pennsylvania, USA",22:50
"Washington, DC",22:50
"Brooklyn, NY",22:50
"Manhattan, NY",22:50
"Pennsylvania, USA",22:51
"Los Angeles, CA",22:51
"Manhattan, NY",22:51
"Charlottesville, VA",22:51
"Hopatcong, NJ",22:51
"Melville, NY",22:51
"Manhattan, NY",22:51
"Washington, DC",22:51
"Manhattan, NY",22:51
"Idylwood, VA",22:51
"Pennsylvania, USA",22:51
"Pennsylvania, USA",22:51
"North Carolina, USA",22:52
"Washington, DC",22:52
"Miami, FL",22:52
"Cardiff, NJ",22:52
"Queens, NY",22:52
"Washington, DC",22:52
"Pennsylvania, USA",22:52
"Philadelphia, PA",22:52
"Alexandria, VA",22:52
"Pennsylvania, USA",22:52
"North Carolina, USA",22:52
"Reston, VA",22:52
"Massapequa, NY",22:52
"Queens, NY",22:52
"Blacksburg, VA",22:52
"Washington, DC",22:53
"Rye, NY",22:53
"Washington, DC",22:53
"Manhattan, NY",22:53
"Washington, DC",22:53
"Brooklyn, NY",22:53
"Vail, CO",22:53
"Pennsylvania, USA",22:53
"Washington, DC",22:53
"Philadelphia, PA",22:53
"Brooklyn, NY",22:53
"Baltimore, MD",22:53
"Wasaga Beach, Ontario",22:54
"California, USA",22:54
"Washington, DC",22:54
"Washington, DC",22:54
"Brooklyn, NY",22:54
"Westchester, IL",22:54
"Washington, DC",22:54
"Queens, NY",22:54
"Downingtown, PA",22:54
"Queens, NY",22:54
"New Carrollton, MD",22:54
"Yonkers, NY",22:54
"Washington, DC",22:54
"Philadelphia, PA",22:54
"Arlington, VA",22:55
"Scotland, United Kingdom",22:55
"West Orange, NJ",22:55
"Brooklyn, NY",22:55
"South Laurel, MD",22:55
"Newington, CT",22:55
"Fleetwood, England",22:55
"Baton Rouge, LA",22:55
"Farmingdale, NY",22:55
"San Marcos, TX",22:55
"Wilsonville, OR",22:55
"Washington, DC",22:55
"San Francisco, CA",22:56
"Alexandria, VA",22:56
"Virginia, USA",22:56
"Dewey Beach, DE",22:56
"Maryland, USA",22:56
"Harlow, England",22:56
"Buffalo, NY",22:56
"Dublin City, Ireland",22:56
"Ohio, USA",22:56
"Washington, DC",22:56
"Brooklyn, NY",22:57
"Brooklyn, NY",22:57
"George Mason, VA",22:57
"Baltimore, MD",22:57
"Iowa, USA",22:57
"Virginia, USA",22:57
"Virginia, USA",22:57
"Virginia, USA",22:57
"Bensalem, PA",22:57
"Hagerstown, MD",22:57
"South Plainfield, NJ",22:57
"Washington, DC",22:57
"Brooklyn, NY",22:57
Carvalho Family Winery,22:57
"Brooklyn, NY",22:57
"Arlington, VA",22:57
"Washington, DC",22:58
"Brooklyn, NY",22:58
"Addlestone, England",22:58
"Queens, NY",22:58
"Maryland, USA",22:58
"George Mason, VA",22:58
"Manhattan, NY",22:58
"Manhattan, NY",22:58
"Mentor, OH",22:58
"Pennsylvania, USA",22:58
"Washington, DC",22:58
"Washington, DC",22:59
"Washington, DC",22:59
"Paw Paw Lake, MI",22:59
"Manhattan, NY",22:59
"New Jersey, USA",22:59
"Burke, VA",22:59
"Manhattan, NY",23:03
"Manhattan, NY",23:03
"Dranesville, VA",23:04
"Charlotte, NC",23:04
"Perth, Scotland",23:04
"Washington, DC",23:04
"Virginia, USA",23:04
"George Mason, VA",23:04
"South Carolina, USA",23:04
"Manhattan, NY",23:04
"Princeton, NJ",23:04
"Philadelphia, PA",23:04
"Georgia, USA",23:04
"Lincoln, NE",23:04
"Dundalk, MD",23:04
"Brooklyn, NY",23:04
"Danbury, CT",23:04
"Jersey City, NJ",23:04
"Armonk, NY",23:05
"Jersey City, NJ",23:05
"Washington, DC",23:05
"Pennsylvania, USA",23:05
"Philadelphia, PA",23:05
Portugal,23:05
"West Virginia, USA",23:05
"District of Columbia, USA",23:05
"Baltimore, MD",23:05
"Gainesville, VA",23:05
"Houston, TX",23:05
"Manhattan, NY",23:05
"Hillandale, MD",23:05
"Manhattan, NY",23:06
"Charlotte, NC",23:06
"George Mason, VA",23:06
"Mastic Beach, NY",23:06
"Virginia, USA",23:06
"Brooklyn, NY",23:06
"Maryland, USA",23:06
"Collingswood, NJ",23:06
"Washington, DC",23:06
"Neptune, NJ",23:06
"Boston, MA",23:12
"Johns Creek, GA",23:12
"Abingdon, MD",23:12
"Port Arthur, TX",23:12
"Manhattan, NY",23:12
"Bellmawr, NJ",23:12
"Hunters Point, Queens",23:12
"Parris Island, SC",23:12
"Washington, DC",23:13
"March, England",23:13
"Manhattan, NY",23:13
"Manhattan, NY",23:13
"Staten Island, NY",23:13
"Queens, NY",23:13
"Westbury, NY",23:13
"Newport Beach, CA",23:13
"Shannondale, WV",23:13
"Manhattan, NY",23:13
"Washington, DC",23:13
"Solihull, England",23:13
"Manhattan, NY",23:13
"Washington, DC",23:13
"Joppatowne, MD",23:13
"Fair Oaks, VA",23:13
"Brooklyn, NY",23:14
"Manhattan, NY",23:14
"Pennsylvania, USA",23:14
"Centreville, VA",23:14
"Washington, DC",23:14
"Oakton, VA",23:14
"New York, NY",23:14
"Fort Mill, SC",23:14
"Queens, NY",23:14
"Virginia, USA",23:14
"Los Angeles, CA",23:15
"New Jersey, USA",23:15
"St Charles, MD",23:15
"New Brunswick, NJ",23:15
"Manhattan, NY",23:15
"Ferndale, MI",23:15
"Bridgeport, CT",23:15
"New Market, MD",23:15
"George Mason, VA",23:15
"South East, England",23:15
"Newark, NJ",23:15
"Brooklyn, NY",23:15
"Johnstone, Scotland",23:15
"Stillwater, OK",23:15
"Manhattan, NY",23:16
"Gap, PA",23:16
"Boston, MA",23:16
Argentina,23:16
"Manhattan, NY",23:16
"Marlton, NJ",23:16
"Manhattan, NY",23:16
"Turnersville, NJ",23:16
"Lindenhurst, NY",23:17
"North Valley Stream, NY",23:17
"Philadelphia, PA",23:17
"Westport, CT",23:17
"Manhattan, NY",23:17
"Washington, DC",23:17
"Manhattan, NY",23:17
"Bowie, MD",23:17
"Washington, DC",23:17
"Staten Island, NY",23:17
"Cork, Ireland",23:17
"Queens, NY",23:17
"Washington, DC",23:17
"Washington, DC",23:17
"Shepherdstown, WV",23:17
"Suitland, MD",23:17
"Naperville, IL",23:17
"Manhattan, NY",23:18
"Texas, USA",23:18
"New York, USA",23:18
"Virginia, USA",23:18
"Nashville, TN",23:54
"Minneapolis, MN",23:54
"Jersey City, NJ",23:55
"Manhattan, NY",23:55
"North Bergen, NJ",23:55
"North Bergen, NJ",23:55
"Bellbrook, OH",23:55
"Dupont Circle, Washington",23:55
"Queens, NY",23:55
"Manhattan, NY",23:55
"Arlington, VA",23:55
"Minneapolis, MN",23:55
"Baltimore, MD",23:56
"Washington, DC",23:56
"Gainesville, TX",23:56
"Queens, NY",23:56
"Queens, NY",23:56
"North Region, Singapore",23:56
"Brooklyn, NY",23:56
"Alexandria, VA",23:56
"Bethesda, MD",23:56
"Bowie, MD",23:56
"Wyncote, PA",23:56
"Manhattan, NY",23:56
"Manhattan, NY",23:57
"Queens, NY",23:57
"St Pete Beach, FL",23:57
"Westport, CT",23:57
"Washington, DC",23:57
"Brooklyn, NY",23:57
"Washington, DC",23:57
"Washington, DC",23:57
"St Pete Beach, FL",23:57
"Potomac, MD",23:57
"Manhattan, NY",23:57
"Boston, MA",23:57
"Orlando, FL",23:58
"Ephrata, PA",23:58
"Austin, TX",23:58
"North Bergen, NJ",23:58
"Washington, DC",23:58
"Queens, NY",23:58
"Bethesda, MD",23:58
"North Olmsted, OH",23:58
"Oklahoma City, OK",23:58
United States,23:58
"Mesa, AZ",23:58
"Tennessee, USA",23:58
"Dalton, GA",23:59
"Frederick, MD",23:59
"Pittsburgh, PA",23:59
"Manhattan, NY",23:59
"Texas, USA",23:59
"Novi, MI",23:59
"Washington, DC",23:59
"Los Angeles, CA",23:59
"Roseville, MI",23:59
Clements Creek,23:59
"Manhattan, NY",23:59
"Manhattan, NY",23:59
"New Jersey, USA",0:00
Petworth,0:00
"Stillwater, OK",0:00
"Philadelphia, PA",0:00
"Manhattan, NY",0:00
"Queens, NY",0:00
"Washington, DC",0:00
"North Bergen, NJ",0:00
"New York, USA",0:08
"Portsmouth, OH",0:08
"Easton, PA",0:09
"Queens, NY",0:09
"Alexandria, VA",0:09
"Audubon, NJ",0:09
"South Carolina, USA",0:09
"Hoboken, NJ",0:09
"Queens, NY",0:09
"Philadelphia, PA",0:09
"Wichita, KS",0:09
"North Bergen, NJ",0:10
"Frederick, MD",0:10
"Brooklyn, NY",0:10
"Lakeside, FL",0:10
"Pennsylvania, USA",0:10
"Wheaton, MD",0:10
"Easton, MA",0:10
"Philadelphia, PA",0:10
"Bad Neuenahr-Ahrweiler, Rheinland-Pfalz",0:10
"Springfield, NJ",0:10
"West Palm Beach, FL",0:10
"Medford, NJ",0:10
"Oakland, CA",0:10
"Manhattan, NY",0:10
"Pennsylvania, USA",0:10
"Pennsylvania, USA",0:11
"Baltimore, MD",0:11
"North Bergen, NJ",0:11
"Washington, DC",0:11
"West Monroe, LA",0:11
"Florida, USA",0:11
"Los Angeles, CA",0:12
"Fountain Hill, PA",0:12
"Columbus, OH",0:12
"Frederick, MD",0:12
"Frederick, MD",0:13
"Los Angeles, CA",0:13
"Philadelphia, PA",0:13
"Astoria, Queens",0:13
"Los Angeles, CA",0:13
"Pennsylvania, USA",0:13
"Cockeysville, MD",0:13
"Brooklyn, NY",0:13
"Silver Spring, MD",0:13
"Washington, DC",0:13
"Centreville, VA",0:13
"North Bergen, NJ",0:14
"Mechanicsburg, PA",0:14
"Redfern, Sydney",0:14
"Brooklyn, NY",0:14
"Brooklyn, NY",0:14
"Cape St Claire, MD",0:14
"Landover, MD",0:14
"Brooklyn, NY",0:14
"Philadelphia, PA",0:15
"Voorhees, NJ",0:15
"Oakmont, PA",0:15
"Richmond, VA",0:15
"Wilmington Manor, DE",0:15
"Manhattan, NY",0:15
"Pennsylvania, USA",0:16
"Brooklyn, NY",0:16
"North Bergen, NJ",0:16
"Linton Hall, VA",0:16
"Cape St Claire, MD",0:16
"Manhattan, NY",0:16
"Pompton Lakes, NJ",0:16
Kyrgyzstan,0:17
"Queens, NY",0:17
"Washington, DC",0:17
"Phillipsburg, NJ",0:17
"Washington, DC",0:17
"Buffalo, NY",0:17
"Manasquan, NJ",0:17
"Virginia, USA",0:17
"Manhattan, NY",0:17
"Washington, DC",0:17
"Manhattan, NY",0:17
"Manhattan, NY",0:17
"Richmond, VA",0:18
"Little Rock, AR",0:18
"Frederick, MD",0:18
"West Virginia, USA",0:18
"Tigard, OR",0:19
"Baltimore, MD",0:19
"Washington, DC",0:19
"Brooklyn, NY",0:19
"Washington, DC",0:20
"Stafford, VA",0:20
"Ambler, PA",0:20
"Centreville, VA",0:20
"Washington, DC",0:20
"McLean, VA",0:20
"Reno, NV",0:20
"Manhattan, NY",0:20
"Manhattan, NY",0:20
"Greenwood, IN",0:21
"Great Neck, NY",0:21
"Pennsylvania, USA",0:21
"Maryland, USA",0:21
"Mansfield, TX",0:22
"Baltimore, MD",0:22
"Queens, NY",0:22
"Manhattan, NY",0:22
"Rohnert Park, CA",0:22
"Austin, TX",0:22
"Omaha, NE",0:22
"Quinte West, Ontario",0:22
"North Bethesda, MD",0:23
"Louisville, KY",0:23
"Washington, DC",0:23
United States,0:23
"Holmdel, NJ",0:23
"Brooklyn, NY",0:23
"Belmar, NJ",0:23
"Manhattan, NY",0:23
"Gilbert, AZ",0:23
"Reno, NV",0:23
"Washington, DC",0:23
"Elmwood Park, NJ",0:23
"Manhattan, NY",0:23
"Havre de Grace, MD",0:24
"Washington, DC",0:24
"Olney, MD",0:24
"Federal Way, WA",0:24
"Arlington, VA",0:24
"Washington, DC",0:24
"South Carolina, USA",0:24
"Portland, OR",0:24
"Herndon, VA",0:24
"Manhattan, NY",0:24
"West Virginia, USA",0:24
"London, England",0:25
"West Virginia, USA",0:25
"Metuchen, NJ",0:25
"Brooklyn, NY",0:25
"Manhattan, NY",0:25
"Washington, DC",0:25
"Bowmanstown, PA",0:25
"Jersey City, NJ",0:25
"Brooklyn, NY",0:25
"Plymouth, MA",0:26
"Washington, DC",0:26
"Queens, NY",0:26
"Herndon, VA",0:26
"Eugene, OR",0:26
"Fulton Ferry, Brooklyn",0:26
"Manhattan, NY",0:26
"Washington, DC",0:27
"North Brunswick, NJ",0:27
"Manhattan, NY",0:27
"Palm Desert, CA",0:28
"Philadelphia, PA",0:28
"Los Angeles, CA",0:28
"Stockton, CA",0:29
"Bronx, NY",0:29
"St Louis, MO",0:29
"Urbana, MD",0:29
"Maryland, USA",0:29
"California, USA",0:30
"Bronx, NY",0:30
"Huntington, NY",0:30
"Manhattan, NY",0:30
"Knik-Fairview, AK",0:30
"Wheaton, MD",0:31
"Duluth, MN",0:31
"Los Angeles, CA",0:31
"Ohio, USA",0:31
"Bethesda, MD",0:31
"Manhattan, NY",0:32
"Bayonne, NJ",0:32
"Brooklyn, NY",0:32
"Washington, DC",0:32
"Trumbull, CT",0:32
"Stratford, London",0:32
"Baltimore, MD",0:33
"Everett, WA",0:33
"Stratford, London",0:33
"Manhattan, NY",0:33
"New Orleans, LA",0:33
"Alexandria, VA",0:33
"Summit, NJ",0:33
"Tuscaloosa, AL",0:33
"East Earl, PA",0:34
"Georgia, USA",0:34
"Pennsylvania, USA",0:34
"Thorofare, NJ",0:34
"Ashburn, VA",0:34
"Stamford, CT",0:34
"Los Angeles, CA",0:34
"Dunellen, NJ",0:34
"Bowie, MD",0:35
"Alexandria, VA",0:35
"Brooklyn, NY",0:35
"Washington, DC",0:35
"Parkville, MD",0:35
"Manhattan, NY",0:35
"Manhattan, NY",0:35
"Brooklyn, NY",0:36
"Manhattan, NY",0:36
"Maryland, USA",0:36
"Colmar Manor, MD",0:36
"Frederick, MD",0:36
"Parkville, MD",0:37
"Morgantown, WV",0:37
"Lambertville, MI",0:37
"Pompano Beach, FL",0:37
"Greenwich, CT",0:37
"Janvier, NJ",0:37
"Brooklyn, NY",0:37
"Floris, VA",0:37
"Washington, DC",0:38
"Manhattan, NY",0:38
"Manhattan, NY",0:38
"Washington, DC",0:38
"Queens, NY",0:38
"Los Angeles, CA",0:38
"South Carolina, USA",0:38
"Murfreesboro, TN",0:38
"Manhattan, NY",0:39
Etats-Unis,0:39
"Falls Church, VA",0:39
"Manhattan, NY",0:39
"Fargo, ND",0:39
"Arlington, VA",0:39
"Nutley, NJ",0:39
"Brooklyn, NY",0:40
"Charlotte, NC",0:40
Jamaica,0:40
"Stafford, VA",0:40
"Los Angeles, CA",0:40
"Queens, NY",0:40
"Arlington, VA",0:40
"Moorhead, MN",0:41
"Arlington, VA",0:41
"Kings Park West, VA",0:41
"Manhattan, NY",0:41
"Fort Lee, VA",0:41
"Queen Creek, AZ",0:41
"Queens, NY",0:41
"Chevy Chase, MD",0:41
"Manhattan, NY",0:41
"Brooklyn, NY",0:41
"Manhattan, NY",0:41
"Thorofare, NJ",0:41
"Manhattan, NY",0:41
"Manhattan, NY",0:41
"Myers Corner, NY",0:41
"Perth Amboy, NJ",0:41
"Manhattan, NY",0:41
"Alexandria, VA",0:42
"Philadelphia, PA",0:42
"Baltimore, MD",0:42
"Detroit, MI",0:42
"California, USA",0:42
"Manhattan, NY",0:42
"North Carolina, USA",0:43
"Lemont, IL",0:43
"Hillandale, MD",0:43
"Atlanta, GA",0:43
"Reno, NV",0:43
"Los Angeles, CA",0:43
"Washington, DC",0:43
"Milwaukee, WI",0:43
"Seattle, WA",0:43
"Houston, TX",0:44
"Knightdale, NC",0:44
"New Carrollton, MD",0:44
"Calgary, Alberta",0:44
"Manhattan, NY",0:44
"Huntington, IN",0:44
"Washington, DC",0:44
"East Northport, NY",0:44
"West Chester, PA",0:44
"Stephenville, TX",0:45
"Pittsburgh, PA",0:45
"Virginia, USA",0:45
"Pennsylvania, USA",0:45
"Pennsylvania, USA",0:45
"Charleston, WV",0:45
"Raleigh, NC",0:45
"Brooklyn, NY",0:45
"Columbus, OH",0:45
"Washington, DC",0:46
"Perry Hall, MD",0:46
"Farmingville, NY",0:46
"Washington, DC",0:46
"Grove City, OH",0:46
"Virginia, USA",0:46
"Rome, Lazio",0:46
"Washington, DC",0:46
"Raleigh, NC",0:46
"Washington, DC",0:47
"Florida, USA",0:47
"Queens, NY",0:47
"Washington, DC",0:47
"Scarsdale, NY",0:47
"Philadelphia, PA",0:47
"Florida, USA",0:47
"Arkansas, USA",0:47
"Baltimore, MD",0:47
"Athens, GA",1:02
"Pennsylvania, USA",1:02
"South River, NJ",1:02
"Manhattan, NY",1:02
"Manhattan, NY",1:02
"Manhattan, NY",1:02
"Georgia, USA",1:03
"Brooklyn, NY",1:03
"Joppatowne, MD",1:03
"College Park, MD",1:03
"Manhattan, NY",1:03
"Washington, DC",1:04
"Aberdeen, Scotland",1:04
"West Norriton, PA",1:04
"Edison, NJ",1:04
"Manhattan, NY",1:04
"Brooklyn, NY",1:04
"Philadelphia, PA",1:04
"Manhattan, NY",1:04
"Toronto, Ontario",1:05
"Manhattan, NY",1:05
"Philadelphia, PA",1:05
"Alexandria, VA",1:05
"Virginia, USA",1:05
"Tribeca, NY",1:05
"Manhattan, NY",1:05
"Alexandria, VA",1:05
"Bethesda, MD",1:05
"Brooklyn, NY",1:05
"Capinzal, Santa Catarina",1:05
"Ahmadabad City, Gujarat",1:05
"Brooklyn, NY",1:06
"Philadelphia, PA",1:06
"Somerset, NJ",1:06
"Washington, DC",1:06
"Washington, DC",1:06
"Mount Vernon, NY",1:06
"Angers, Pays de la Loire",1:06
"Maple Glen, PA",1:06
"Manhattan, NY",1:06
"Manhattan, NY",1:07
"Newtown Grant, PA",1:07
"Manhattan, NY",1:07
"Manhattan, NY",1:07
"Philadelphia, PA",1:07
"Toronto, Ontario",1:08
"Bethesda, MD",1:08
"Manhattan, NY",1:08
"Delaware, USA",1:08
"Belle Haven, VA",1:08
"Pennsylvania, USA",1:08
"Cardiff, NJ",1:08
"Queens, NY",1:08
"Manhattan, NY",1:08
"Brooklyn, NY",1:08
"Lauderdale, MN",1:08
"Brooklyn, NY",1:08
"Alexandria, VA",1:08
"Ahmadabad City, Gujarat",1:09
"Phoenix, AZ",1:09
"Wolf Trap, VA",1:09
"Washington, DC",1:09
"St. John's, Newfoundland and Labrador",1:09
"Manhattan, NY",1:09
"Lynchburg, VA",1:09
"Nashville, TN",1:09
"Arlington, VA",1:09
"Kent, OH",1:09
"Phoenix, AZ",1:09
"Manhattan, NY",1:09
"Arlington, VA",1:10
"Joliet, IL",1:10
"Alabama, USA",1:10
"Pikesville, MD",1:11
"Manhattan, NY",1:11
"Brooklyn, NY",1:11
"Manhattan, NY",1:11
"Medford Lakes, NJ",1:11
"South Uniontown, PA",1:11
"Delran, NJ",1:11
"George Mason, VA",1:12
"Manhattan, NY",1:12
"Lanham, MD",1:12
"Manhattan, NY",1:12
"Manhattan, NY",1:12
"Washington, DC",1:12
"Arizona, USA",1:13
"Overland Park, KS",1:13
"Washington, DC",1:13
"Glassboro, NJ",1:13
"Nashville, TN",1:14
"Goodyear, AZ",1:14
"Medford Lakes, NJ",1:14
"Baltimore, MD",1:14
"St. John's, Newfoundland and Labrador",1:14
"Los Angeles, CA",1:15
"Manhattan, NY",1:15
"Manhattan, NY",1:15
"Elizabeth, NJ",1:15
"Chattanooga, TN",1:15
"Joliet, IL",1:15
"St Louis, MO",1:15
"Clearwater, FL",1:15
"Toledo, OH",1:15
"Salem, NH",1:15
"Dania Beach, FL",1:15
Chadwicks,1:16
"Hackney, London",1:16
"Halifax, Nova Scotia",1:16
"Frisco, TX",1:16
"Portland, OR",1:17
"Arlington, VA",1:17
"Stony Brook, NY",1:17
"Arlington, VA",1:17
"Charleston, WV",1:17
"Brooklyn, NY",1:17
"Washington, DC",1:17
"Manhattan, NY",1:17
"Elizabeth, NJ",1:17
"Middletown, DE",1:17
"New York, USA",1:18
"Herndon, VA",1:18
"Ocean City, NJ",1:18
"Manhattan, NY",1:18
"Manhattan, NY",1:18
"Puyallup, WA",1:19
"Mountain View, CA",1:19
Prospect Park (Long Meadow),1:19
"Manhattan, NY",1:19
"Brooklyn, NY",1:19
"Washington, DC",1:19
"Casper, WY",1:20
"Hyattsville, MD",1:20
"Phoenix, AZ",1:20
"Manhattan, NY",1:20
"Washington, DC",1:20
"Horsham, PA",1:21
"Manhattan, NY",1:21
"Washington, DC",1:21
"Manhattan, NY",1:21
"Brooklyn, NY",1:21
"Brooklyn, NY",1:21
"Manhattan, NY",1:21
"Queens, NY",1:21
"Manhattan, NY",1:22
"Alexandria, VA",1:22
"Manhattan, NY",1:22
"DuBois, PA",1:22
"Manhattan, NY",1:22
"Manhattan, NY",1:22
"Horsham, PA",1:22
"Newark, NJ",1:22
"Hyattsville, MD",1:22
"Queens, NY",1:22
"Bloomsburg, PA",1:23
"Copperas Cove, TX",1:23
"Scholar Green, England",1:23
Prospect Park,1:23
"Brooklyn, NY",1:23
"Harrisonburg, VA",1:23
"Rosaryville, MD",1:23
"Cape Breton, Nova Scotia",1:23
"Fredericksburg, VA",1:24
"Washington, DC",1:24
"Guayaquil, Ecuador",1:24
"Oakville, Ontario",1:24
"Towson, MD",1:24
"St Paul, MN",1:24
"Queens, NY",1:25
"Bronx, NY",1:25
"West Springfield, VA",1:25
"Manhattan, NY",1:25
"Jersey City, NJ",1:25
"Richmond, VA",1:25
"Chicago, IL",1:25
"Manhattan, NY",1:26
"Manhattan, NY",1:26
"Houston, TX",1:26
"Tinton Falls, NJ",1:26
"Boca Raton, FL",1:26
"North Carolina, USA",1:26
"Brooklyn, NY",1:26
"New Jersey, USA",1:26
"Seven Springs, FL",1:27
"Boone, NC",1:27
"Upper Darby, PA",1:27
"Oceanside, CA",1:27
"Washington, DC",1:27
"Overlea, MD",1:27
"Minersville, PA",1:27
"Houston, TX",1:27
"Portsmouth, VA",1:28
"Brooklyn, NY",1:28
"Toronto, Ontario",1:29
"Takoma Park, MD",1:29
"Brooklyn, NY",1:29
"Queens, NY",1:29
"Manhattan, NY",1:30
"Queens, NY",1:30
"Washington, DC",1:30
"Milton, Ontario",1:30
"Lansford, PA",1:30
"Salisbury, MD",1:30
"Indian Rocks Beach, FL",1:30
"Houston, TX",1:31
"Villanueva, Northern Mindanao",1:31
"Tinton Falls, NJ",1:31
"Waltham, MA",1:41
"Bronx, NY",1:41
"Arbutus, MD",1:41
"Queens, NY",1:42
"Cambridge, MA",1:42
"Alexandria, VA",1:42
"Oxon Hill, MD",1:42
"Charlotte, NC",1:42
"Philadelphia, PA",1:42
"Baltimore, MD",1:43
"Washington, DC",1:43
"New Jersey, USA",1:43
"Washington, DC",1:43
"Pennsylvania, USA",1:43
"Pennsylvania, USA",1:43
"Horsham, PA",1:43
"Miami, FL",1:43
"Irving, TX",1:44
"Virginia, USA",1:44
"Glenn Dale, MD",6:13
"Washington, DC",6:13
"Cascades, VA",6:14
"East Providence, RI",6:14
"Fresno, CA",6:14
"California, USA",6:14
"Richmond, VA",6:15
"Tanah Abang, DKI Jakarta",6:15
"Florida, USA",6:15
"California, USA",6:15
"Palo Alto, CA",6:16
"Chicago, IL",6:17
"Fairfax, VA",6:17
"Sewell, NJ",6:24
"Westmont, PA",6:25
"Makati City, National Capital Region",6:26
"Queen Creek, AZ",6:28
"Hyattsville, MD",6:28
"Swansea, Wales",6:29
"Hamburg, Deutschland",6:30
"Richmond, VA",6:31
"Phoenix, AZ",6:33
"Denver, CO",6:33
"Rockwood, VA",6:34
"Queens, NY",6:35
"Anchorage, AK",6:36
Bulgaria,6:36
"Ulu Langat, Selangor",6:39
Lebanon,6:39
"Chicago, IL",6:40
"Carson, CA",6:42
"Amersfoort, Utrecht",6:42
"New Haven, CT",6:43
"Ames, IA",6:44
"Palm Coast, FL",6:46
"Omaha, NE",6:46
"Manhattan, NY",6:46
The Beverly Hilton,6:46
"Huntington, WV",6:49
"Palm Coast, FL",6:50
"California, USA",6:50
"Pleasure Ridge Park, KY",6:52
"Manhattan, NY",6:52
"Sydney, New South Wales",6:52